siren;dateCreationUniteLegale;activitePrincipaleUniteLegale;nicSiegeUniteLegale;dateDernierTraitementUniteLegale;numeroVoieEtablissement;typeVoieEtablissement;libelleVoieEtablissement;codePostalEtablissement;libelleCommuneEtablissement;codeCommuneEtablissement;
905353124;16/11/2021;77.39Z;19;2021-11-19T14:24:28;;;ZAC ETANG Z ABRICOT;97200;FORT-DE-FRANCE;97209;2767
905248548;16/11/2021;00.00Z;18;2021-11-19T07:41:56;288;CHE;DES LOYERS;74170;LES CONTAMINES-MONTJOIE;74085;3457
851212191;28/05/2019;74.10Z;23;2021-11-06T14:01:48;20;RUE;DU FONTENIS;21490;RUFFEY-LES-ECHIREY;21535;5191
817693674;25/01/2016;86.90F;27;2021-11-10T09:41:41;8;RUE;DE LA CITE;17800;BOUGNEAU;17056;1339
904632932;15/11/2021;47.76Z;11;2021-10-30T03:49:05;1;RUE;DE MONTARGIS;77140;NEMOURS;77333;1047
905220331;15/11/2021;70.21Z;11;2021-11-17T04:05:08;1;AV;MARCELLIN BERTHELOT;93250;VILLEMOMBLE;93077;1822
904971157;15/11/2021;14.13Z;14;2021-11-09T09:06:13;205;RTE;DU FOUR A CHAUX;29800;SAINT-URBAIN;29270;2437
905076071;15/11/2021;45.11Z;18;2021-11-15T08:00:58;2;AV;DU HUIT MAI 1945;87140;CHAMBORET;87033;2755
905300463;16/11/2021;53.20Z;15;2021-11-20T03:50:37;7;RUE;FRANCOISE GIROUD;31300;TOULOUSE;31555;3610
905266987;16/11/2021;70.22Z;15;2021-11-18T03:39:23;6;RUE;BUISSONNIERE;31140;FONBEAUZARD;31186;1235
904463619;15/11/2021;46.19B;18;2021-10-22T08:36:18;4;RUE;DES FLAMANTS ROSES;17140;LAGORD;17200;5288
904819760;15/11/2021;62.02A;11;2021-11-03T11:23:37;24;BD;DE JARDY;92420;VAUCRESSON;92076;3293
905357455;16/11/2021;79.12Z;13;2021-11-19T16:16:19;2;CHE;DU HAN;54170;ALLAIN;54008;2139
381876713;26/03/1991;70.22Z;29;2021-11-09T10:29:10;25;RUE;MARC CHAGALL;57000;METZ;57463;3326
793376708;01/04/2013;58.14Z;61;2021-11-17T08:36:23;45;RUE;PARMENTIER;37000;TOURS;37261;315
905272993;15/11/2021;71.12B;15;2021-11-18T04:02:25;;HAM;BEAUJEU;7140;MALARCE-SUR-LA-THINES;7147;1415
832582993;21/07/2017;68.20A;32;2021-11-17T12:03:35;291;AV;GEN NORBERT RIERA;83600;FREJUS;83061;3088
905330536;16/11/2021;70.22Z;12;2021-11-19T08:37:53;15;RUE;COQUEBERT DE NEUVILLE;44000;NANTES;44109;4959
802108944;01/06/2014;74.10Z;25;2021-11-19T08:37:54;57;RUE;DU GENERAL LECLERC;49220;LE LION D'ANGERS;49176;2341
905229746;16/11/2021;00.00Z;11;2021-11-17T08:34:04;37;;RD 306;77240;VERT-SAINT-DENIS;77495;3084
904987203;15/11/2021;74.10Z;18;2021-11-09T08:39:20;17;RUE;DES SABLONS;77300;FONTAINEBLEAU;77186;732
904419520;15/11/2021;74.10Z;13;2021-10-21T08:58:59;6;RUE;TACLET;75020;PARIS 20;75120;4245
905306940;15/11/2021;71.12B;16;2021-11-18T14:26:18;15;ALL;DU FRESNE;35460;MAEN ROCH;35257;1359
905160677;15/11/2021;68.31Z;19;2021-11-16T03:36:33;38;RTE;DES QUEBRAIS;44600;SAINT-NAZAIRE;44184;4470
905253951;16/11/2021;70.10Z;16;2021-11-19T09:34:58;17;RUE;DES MAGNOLIAS;49130;LES PONTS-DE-CE;49246;290
905206272;16/11/2021;47.11B;15;2021-11-20T03:50:40;54;RUE;D ARRAS;59000;LILLE;59350;2840
905260295;15/11/2021;43.32A;19;2021-11-18T04:02:10;1;;TOUR DU VILLAGE;28700;CHATENAY;28092;4449
905279634;16/11/2021;82.11Z;18;2021-11-20T03:37:59;38;CHE;DES CARMES;31650;SAINT-ORENS-DE-GAMEVILLE;31506;5116
905157665;15/11/2021;62.02A;19;2021-11-17T03:52:54;12;CHE;DE BOURRASSE;31180;LAPEYROUSE-FOSSAT;31273;1894
905260568;16/11/2021;53.20Z;19;2021-11-17T15:20:00;38;AV;DE LA VISTE;13015;MARSEILLE 15;13215;4576
905257333;15/11/2021;68.20B;13;2021-11-18T07:16:51;3;RUE;DU GENERAL PATTON;54270;ESSEY-LES-NANCY;54184;3371
905326534;15/11/2021;62.02A;13;2021-11-19T08:18:03;16;RUE;LEONARD DE VINCI;91300;MASSY;91377;1147
905169314;15/11/2021;46.19B;10;2021-11-16T07:01:43;30;;LIGNE LACARRE;97429;PETITE-ILE;97405;928
905214573;15/11/2021;53.20Z;16;2021-11-16T17:33:21;;AV;LOUIS SAMMUT;13500;MARTIGUES;13056;4598
905232203;15/11/2021;53.20Z;18;2021-11-17T08:34:01;64;BD;GASSENDI;4000;DIGNE-LES-BAINS;4070;2531
904738200;15/11/2021;47.91B;16;2021-10-30T03:42:37;36;RUE;CHARLES JOZON;91100;CORBEIL-ESSONNES;91174;126
904778388;15/11/2021;81.30Z;10;2021-11-03T11:10:53;80;IMP;DE LA NOELLE;49410;MAUGES-SUR-LOIRE;49244;2678
905207478;16/11/2021;01.61Z;17;2021-11-17T03:52:07;35;RUE;FONBALQUINE;24100;BERGERAC;24037;1738
905164661;15/11/2021;85.59B;19;2021-11-15T19:41:48;32;RUE;DE LA FEDERATION;75015;PARIS 15;75115;3762
904526365;15/11/2021;32.13Z;13;2021-10-26T08:43:02;9;RTE;DE FAVEROLLES;28210;LES PINTHIERES;28299;607
905092243;15/11/2021;81.22Z;13;2021-11-11T09:03:22;235;AV;DE LA COTE D ARGENT;40600;BISCARROSSE;40046;2147
387900210;26/05/1992;56.21Z;23;2021-11-19T11:42:49;13;AV;DU PRESIDENT KENNEDY;13500;MARTIGUES;13056;2097
905233458;16/11/2021;43.32A;17;2021-11-17T08:37:06;57;;GRAND RUE;59400;SERANVILLERS-FORENVILLE;59567;2965
753749530;08/09/2012;96.09Z;30;2021-10-27T10:46:30;16;PL;DE L EGLISE;59279;LOON-PLAGE;59359;242
824139703;31/10/2016;68.31Z;14;2021-11-17T11:27:26;34;RUE;DES BATIGNOLLES;75017;PARIS 17;75117;2828
905313375;15/11/2021;01.28Z;16;2021-11-19T04:15:41;;;LE COMBOUT;29310;QUERRIEN;29230;3008
905213948;15/11/2021;74.10Z;11;2021-11-16T16:39:52;1808;AV;GUILLAUME DULAC;13600;LA CIOTAT;13028;4286
400674008;02/04/1995;43.29A;42;2021-11-06T14:40:02;2;VLA;SAINT PIERRE;94220;CHARENTON-LE-PONT;94018;4408
905029930;15/11/2021;43.21A;13;2021-11-09T19:34:16;;LOT;LES PLANCATS;12330;MARCILLAC-VALLON;12138;507
905081352;15/11/2021;46.46Z;15;2021-11-11T03:36:45;45;RUE;DES ARPINIERES;69340;FRANCHEVILLE;69089;4432
905197570;15/11/2021;10.71C;13;2021-11-17T10:24:29;1;RUE;CLOVIS HUGUES;93200;SAINT-DENIS;93066;3754
839014396;01/05/2018;86.90D;23;2021-11-17T08:07:24;15;RUE;DE LA COUTELLERIE;52200;LANGRES;52269;2025
818886772;26/02/2016;70.22Z;32;2021-11-17T04:09:18;27;ALL;ALBERT SYLVESTRE;73000;CHAMBERY;73065;236
905246260;15/11/2021;68.10Z;12;2021-11-19T03:49:53;10;ALL;DU PRESSOIR;74940;ANNECY;74010;3533
905194635;16/11/2021;82.30Z;17;2021-11-17T09:55:38;4;RUE;AMILCAR CIPRIANI;93400;SAINT-OUEN-SUR-SEINE;93070;3487
905177812;15/11/2021;70.21Z;13;2021-11-16T08:49:12;440;ALL;CHARLES LAVERAN;13270;FOS-SUR-MER;13039;3216
905272514;16/11/2021;96.09Z;19;2021-11-18T04:01:07;32;RUE;DE BRETAGNE;61350;PASSAIS VILLAGES;61324;2799
809229990;05/01/2015;95.29Z;27;2021-11-10T07:55:11;3;RUE;DE LA HALLE;83300;DRAGUIGNAN;83050;3476
904961794;15/11/2021;47.91B;16;2021-11-09T08:46:26;252;RUE;D HARNES;62110;HENIN-BEAUMONT;62427;3364
904912649;15/11/2021;47.91B;12;2021-11-06T03:42:30;28;RUE;PASTEUR;70300;SAINT-SAUVEUR;70473;233
904952736;15/11/2021;68.31Z;18;2021-11-08T09:27:44;17;AV;DE LA LIBERATION;77830;PAMFOU;77354;5212
904237385;15/11/2021;53.20Z;11;2021-10-17T03:37:30;149;AV;PIERRE DE COUBERTIN;53000;LAVAL;53130;4513
905290037;15/11/2021;85.59B;19;2021-11-18T09:56:23;4;RUE;LOUIS DE SAVOIE;73100;AIX-LES-BAINS;73008;2088
905305009;16/11/2021;01.49Z;11;2021-11-19T03:35:04;3;RTE;DE SOUDRAIN;18340;CORQUOY;18073;1376
904585767;15/11/2021;93.29Z;18;2021-10-26T13:27:55;18;CHE;DU CLOS;6530;PEYMEINADE;6095;4821
904841624;15/11/2021;62.02A;11;2021-11-04T09:08:21;45;;PARC DES COURTILLIERES;93500;PANTIN;93055;2591
813383635;01/09/2015;85.59A;22;2021-11-17T08:40:07;43;ALL;DU GABRON;6210;MANDELIEU-LA-NAPOULE;6079;3429
904235074;15/11/2021;96.02A;13;2021-10-27T03:41:22;3;IMP;DES TONNELIERS;13103;SAINT-ETIENNE-DU-GRES;13094;504
904680675;15/11/2021;96.02B;17;2021-10-29T14:47:21;54;RUE;DE LA BONGARDE;92390;VILLENEUVE-LA-GARENNE;92078;3166
821454352;13/07/2016;86.90F;21;2021-11-10T08:49:17;4;BD;ANTOINE ROSSET;73110;VALGELON-LA ROCHETTE;73215;2433
905356978;15/11/2021;70.22Z;15;2021-11-19T15:55:57;440;CHE;DU ROUCAS BLANC;13007;MARSEILLE 7;13207;3558
905216651;16/11/2021;81.21Z;18;2021-11-17T03:39:18;134;BD;LIEDOT;16000;ANGOULEME;16015;4235
905363818;15/11/2021;56.10C;14;2021-11-20T04:01:53;19;RUE;GEORGES VILLE;6300;NICE;6088;942
905040077;15/11/2021;74.20Z;18;2021-11-10T08:42:09;14;RUE;DU BAS DE LA LANDE;22400;COETMIEUX;22044;4183
905009221;15/11/2021;33.11Z;11;2021-11-09T11:20:34;36;RUE;DE L'ANCIENNE GARE;14670;TROARN;14712;1385
904900842;15/11/2021;70.22Z;17;2021-11-06T12:49:22;1;RUE;DU LAVOIR;78730;LONGVILLIERS;78349;3505
904883378;15/11/2021;47.91B;13;2021-11-06T08:53:10;3;RUE;GERMAIN BLEUET;80000;AMIENS;80021;2538
905011276;15/11/2021;85.59A;11;2021-11-09T11:35:08;11;RUE;DES AUBEPINES;45390;PUISEAUX;45258;4398
905331476;15/11/2021;93.29Z;10;2021-11-19T08:40:01;3;RUE;GOETHE;54500;VANDOEUVRE-LES-NANCY;54547;457
905144101;15/11/2021;85.59B;11;2021-11-15T11:33:54;113;AV;DU BAC;94210;SAINT-MAUR-DES-FOSSES;94068;5091
905151288;16/11/2021;43.31Z;16;2021-11-16T08:35:45;58;RUE;SAINT ALBAN;42300;ROANNE;42187;2899
905154290;15/11/2021;53.20Z;19;2021-11-16T09:23:41;4;BD;PIERRE GUILLAIN;62500;SAINT-OMER;62765;485
905224374;15/11/2021;71.12B;17;2021-11-17T04:15:03;54;RUE;DE LA CHAPELLE;75018;PARIS 18;75118;898
905015640;15/11/2021;74.20Z;14;2021-11-10T15:21:58;24;RUE;JOSEPH LE BRIX;56530;GESTEL;56063;157
905205068;16/11/2021;53.20Z;18;2021-11-16T15:36:04;20;RUE;DE LA BUTTE BLANCHE;95100;ARGENTEUIL;95018;4675
517773453;01/12/2009;85.59B;25;2021-11-06T13:15:31;74;RUE;PASTEUR;59260;LEZENNES;59346;338
905194205;15/11/2021;70.10Z;19;2021-11-17T09:38:06;26;RUE;DE L'EGLISE;80110;MAILLY-RAINEVAL;80499;3253
904746963;15/11/2021;70.21Z;19;2021-11-01T08:34:27;16;AV;DES AMAZONES;17110;SAINT-GEORGES-DE-DIDONNE;17333;2007
905275525;15/11/2021;74.10Z;12;2021-11-18T04:11:52;29;RUE;TRAVERSIERE;75012;PARIS 12;75112;3512
789249539;03/11/2012;96.02B;30;2021-11-18T16:50:53;2;IMP;DU BAS DE L'ILE;78270;BENNECOURT;78057;1779
905343570;15/11/2021;47.91A;16;2021-11-20T03:36:48;15;RUE;DES HALLES;75001;PARIS 1;75101;151
905271136;15/11/2021;70.22Z;12;2021-11-18T03:56:08;47;RUE;ALFRED DE MUSSET;92160;ANTONY;92002;3336
905144986;15/11/2021;25.62B;15;2021-11-15T11:41:44;44;BD;SAINTE THERESE;13005;MARSEILLE 5;13205;1425
905164836;15/11/2021;77.11A;17;2021-11-16T03:33:38;38;RUE;D'HEURTEBISE;89500;MARSANGY;89245;2499
905329413;16/11/2021;70.22Z;17;2021-11-19T08:35:25;27;RUE;LOUIS GOUX;69100;VILLEURBANNE;69266;442
904966777;15/11/2021;96.02B;16;2021-11-09T11:04:57;225;IMP;DE L EMIGRA;6510;CARROS;6033;200
905141040;15/11/2021;53.20Z;14;2021-11-15T11:03:19;17;RUE;D ARIANE;77700;CHESSY;77111;3991
904383460;15/11/2021;01.49Z;14;2021-10-21T03:36:26;19;RUE;DES SOURCES;53600;EVRON;53097;1994
514010917;07/07/2009;71.20A;11;2021-11-20T03:38:31;13;RUE;DU JURA;55400;ETAIN;55181;3344
905086757;15/11/2021;74.30Z;10;2021-11-11T08:43:58;25;BD;DE LA SOMME;75017;PARIS 17;75117;1792
905231585;16/11/2021;74.10Z;19;2021-11-17T08:32:37;9;RUE;DES EMBRUNS;17580;LE BOIS-PLAGE-EN-RE;17051;3452
905303046;16/11/2021;68.20B;15;2021-11-19T09:42:23;12;RUE;DU COLOMBIER;63260;SARDON;63406;4083
904897451;15/11/2021;96.09Z;12;2021-11-05T08:40:08;6;RUE;JULES RENARD;29200;BREST;29019;1850
522831239;01/06/2010;46.19B;28;2021-11-08T10:58:07;3;CHE;DE LARTIGUAS DONISSAN;33480;LISTRAC-MEDOC;33248;5197
838463230;09/04/2018;90.02Z;22;2021-11-06T14:22:48;12;RUE;LOUIS TIERCELIN;35000;RENNES;35238;1080
904917788;15/11/2021;46.42Z;13;2021-11-06T03:36:13;46;AV;DES MARTYRS;38000;GRENOBLE;38185;570
905277596;15/11/2021;70.21Z;11;2021-11-18T07:32:31;3;AV;ANATOLE FRANCE;94600;CHOISY-LE-ROI;94022;2048
905285789;15/11/2021;68.10Z;12;2021-11-19T14:04:07;2;IMP;DE LA BANCHE;22750;SAINT-JACUT-DE-LA-MER;22302;3611
900476748;15/06/2021;35.11Z;18;2021-11-18T11:47:01;;;LE BOURG;15110;FRIDEFONT;15073;336
905137253;15/11/2021;00.00Z;19;2021-11-16T14:22:06;21;AV;PASTEUR;13007;MARSEILLE 7;13207;1782
905243093;15/11/2021;70.22Z;10;2021-11-17T09:50:20;22;AV;SAINT VINCENT DE PAUL;40100;DAX;40088;3830
905333118;15/11/2021;46.46Z;16;2021-11-20T03:39:00;18;RUE;CHATAIGNERAIE;44115;HAUTE-GOULAINE;44071;347
905307393;15/11/2021;68.20B;17;2021-11-19T04:05:27;92;RUE;DU MARECHAL FOCH;59120;LOOS;59360;2107
905284691;15/11/2021;68.20B;11;2021-11-19T14:24:01;3;AV;EMILE ZOLA;92100;BOULOGNE-BILLANCOURT;92012;3208
904418498;15/11/2021;86.21Z;13;2021-10-21T08:53:57;173;AV;DE LA LIBERATION;72000;LE MANS;72181;133
830396446;02/06/2017;87.30A;23;2021-11-05T13:53:40;24;RUE;DE LA MONTAT;42100;SAINT-ETIENNE;42218;4086
904137270;15/11/2021;43.99C;16;2021-10-14T08:42:57;14;AV;DE LA GARE;51490;SAINT-MASMES;51505;3623
905196226;16/11/2021;77.12Z;13;2021-11-17T08:24:03;22;RUE;ADRIEN THIBAULT;41000;VILLEBAROU;41276;3990
905114021;15/11/2021;73.20Z;17;2021-11-15T03:39:32;3;RUE;DE CAMBRAI;75019;PARIS 19;75119;2443
823716501;16/11/2016;47.78C;23;2021-11-10T09:31:11;28;RUE;DES TREILLES;62400;BETHUNE;62119;4520
904814357;15/11/2021;74.30Z;11;2021-11-03T10:28:01;60;RTE;DE VONGNES;1350;CEYZERIEU;1073;3734
905182069;16/11/2021;74.10Z;13;2021-11-16T08:59:46;41;RUE;CHARRON;67960;ENTZHEIM;67124;2008
905313805;15/11/2021;70.22Z;12;2021-11-19T15:13:57;;;;97139;LES ABYMES;97101;1908
905325163;16/11/2021;53.20Z;12;2021-11-19T07:40:31;174;RUE;FAIDHERBE;59260;LILLE;59350;3825
904385010;15/11/2021;70.22Z;15;2021-10-26T11:36:48;15;RUE;SAUSSIER LEROY;75017;PARIS 17;75117;2589
904900800;15/11/2021;70.21Z;15;2021-11-05T08:49:42;26;AV;RENE COTY;75014;PARIS 14;75114;142
905266938;16/11/2021;47.99A;18;2021-11-18T03:39:16;97;RTE;DE LYON;38080;SAINT-ALBAN-DE-ROCHE;38352;3269
905026605;16/11/2021;56.30Z;14;2021-11-12T03:35:38;22;RUE;DES POLINAIRES;31000;TOULOUSE;31555;2109
905208724;15/11/2021;38.11Z;13;2021-11-16T14:49:45;40;RTE;DE SAINT BLAISE;6670;LEVENS;6075;2530
905354726;16/11/2021;77.39Z;10;2021-11-19T14:58:12;;;ZAC ETANG Z ABRICOT;97200;FORT-DE-FRANCE;97209;2545
905264263;15/11/2021;96.09Z;13;2021-11-20T03:59:54;37;AV;PAUL DOUMER;78360;MONTESSON;78418;3513
904997889;15/11/2021;66.30Z;12;2021-11-10T08:30:45;4;RUE;DU BURLAT;68260;KINGERSHEIM;68166;1908
904591161;15/11/2021;93.29Z;16;2021-10-27T08:47:43;596;CHE;DE LA MEDECINE;11400;SAINT-PAPOUL;11361;2733
905147070;15/11/2021;62.01Z;15;2021-11-16T08:52:28;1;PL;GEORGES MICHEL;19100;BRIVE-LA-GAILLARDE;19031;815
905131603;15/11/2021;86.90F;11;2021-11-15T09:52:09;2;RUE;VILLA ROMAINE;76490;RIVES-EN-SEINE;76164;1835
883305138;11/05/2020;43.39Z;25;2021-11-17T10:51:21;21;RUE;MARCEAU;91390;MORSANG-SUR-ORGE;91434;3297
904881786;15/11/2021;68.10Z;19;2021-11-05T09:44:30;577;RTE;DEPARTEMENTALE 904;1480;ARS-SUR-FORMANS;1021;1501
905192332;16/11/2021;45.11Z;13;2021-11-17T03:54:00;10;RUE;DE MOLSHEIM;67300;SCHILTIGHEIM;67447;5049
905223988;15/11/2021;56.10C;15;2021-11-17T04:14:00;8;RUE;DE LA REPUBLIQUE;30200;BAGNOLS-SUR-CEZE;30028;3979
848690780;25/03/2019;62.01Z;38;2021-11-06T13:49:55;18;;VIEUX CHEMIN DE GRENADE;31700;BLAGNAC;31069;4889
905288700;15/11/2021;71.12B;16;2021-11-18T09:39:03;95;RTE;DU BOST;87240;AMBAZAC;87002;2838
904795044;15/11/2021;86.90E;18;2021-11-03T08:41:53;9519;RTE;DE SALVAGNAC;81800;RABASTENS;81220;2465
884932955;03/07/2020;59.11A;21;2021-07-28T12:03:18;28;CHE;DU VALLON DE L ORIOL;13007;MARSEILLE 7;13207;3552
409872447;14/11/1996;88.10A;27;2021-11-16T13:56:58;542;;QUARTIER LES ESCABROLLES;83830;FIGANIERES;83056;4762
894043207;11/02/2021;77.11A;22;2021-11-18T04:05:40;3;RUE;DES FOUGERES;95280;JOUY-LE-MOUTIER;95323;4714
484005590;01/09/2005;82.99Z;19;2021-11-18T08:52:19;64;BD;MAURICE BARRES;92200;NEUILLY-SUR-SEINE;92051;1316
905106225;15/11/2021;47.71Z;14;2021-11-15T09:21:03;188;RUE;PAUL DOUMER;45200;MONTARGIS;45208;2782
905173688;15/11/2021;53.20Z;11;2021-11-17T11:21:21;165;RUE;DE SENCION;40600;BISCARROSSE;40046;4498
905349890;16/11/2021;68.20B;12;2021-11-20T04:00:36;15;RUE;LOUIS LUMIERE;91240;SAINT-MICHEL-SUR-ORGE;91570;2287
905218095;16/11/2021;38.32Z;16;2021-11-17T03:50:06;1;RUE;CHARLES BOURSEUL;78700;CONFLANS-SAINTE-HONORINE;78172;1271
904468881;15/11/2021;47.59A;19;2021-10-27T08:49:52;14;AV;DE L ILE BRUNE;38120;SAINT-EGREVE;38382;4026
905188512;15/11/2021;68.20B;16;2021-11-17T08:36:59;813;RTE;DES CHATAIGNIERS;83520;ROQUEBRUNE-SUR-ARGENS;83107;3845
905278735;16/11/2021;96.09Z;14;2021-11-18T08:06:21;3;RUE;DES AQUEDUCS;69005;LYON 5EME;69385;419
904999851;15/11/2021;46.45Z;10;2021-11-10T09:03:20;114;TRA;DE LA ROSE;13013;MARSEILLE 13;13213;2261
905050415;15/11/2021;70.21Z;17;2021-11-10T09:12:21;1;RUE;SAINT EXUPERY;97411;SAINT-PAUL;97415;2842
514560465;03/08/2009;35.11Z;23;2021-11-18T09:13:39;;;LA FERME LA NOUE;51300;MAISONS-EN-CHAMPAGNE;51340;3999
510036452;01/02/2009;45.11Z;33;2021-11-17T16:05:25;175;BD;DU GENERAL DELAMBRE;95100;ARGENTEUIL;95018;4769
905174728;16/11/2021;70.22Z;14;2021-11-16T08:40:32;10;RUE;CAEN LE MESNIL AUZOUF;14260;DIALAN SUR CHAINE;14347;3958
505650069;01/01/1956;45.11Z;14;2021-10-27T08:10:40;2;AV;JEAN MERMOZ;89000;AUXERRE;89024;4834
508476587;20/10/2008;43.22A;29;2021-11-17T04:06:02;45;RUE;DES PRAIRIES;14160;DIVES-SUR-MER;14225;1294
905103966;15/11/2021;68.32B;16;2021-11-15T08:14:42;6;PAS;SAINT FERDINAND;92200;NEUILLY-SUR-SEINE;92051;3428
838715860;30/03/2018;55.90Z;14;2021-11-02T09:03:56;84;RUE;AVIATEUR GUERIN;76600;LE HAVRE;76351;3560
905222824;15/11/2021;70.21Z;13;2021-11-17T04:11:17;1;PL;ANDRE MALRAUX;78100;SAINT-GERMAIN-EN-LAYE;78551;1286
904880358;15/11/2021;85.59B;18;2021-11-04T14:46:16;10;RUE;DES DOLINES;25000;BESANCON;25056;240
905151833;15/11/2021;47.91A;19;2021-11-16T11:41:39;29;RUE;GEORGES BOISSEAU;92110;CLICHY;92024;4582
905224416;15/11/2021;96.09Z;16;2021-11-17T04:15:06;56;BD;EXELMANS;75016;PARIS 16;75116;3947
905273058;15/11/2021;74.90B;16;2021-11-18T04:02:35;2;RUE;MICHELINE OSTERMEYER;93210;SAINT-DENIS;93066;3033
905159638;15/11/2021;68.20B;14;2021-11-16T09:09:48;7;RUE;DE VILLEDOUX;17137;MARSILLY;17222;2682
905273835;16/11/2021;74.90B;17;2021-11-18T04:04:17;19;RUE;RODIER;75009;PARIS 9;75109;3356
904738275;15/11/2021;53.20Z;18;2021-10-31T03:37:38;8;RUE;DE L ANGE;63000;CLERMONT-FERRAND;63113;3752
894821727;01/04/2021;86.23Z;27;2021-11-18T04:04:01;14;AV;DU MESNIL;94210;SAINT-MAUR-DES-FOSSES;94068;3545
905307583;15/11/2021;56.10A;13;2021-11-19T03:39:14;1;RTE;NATIONALE;25110;HYEVRE-PAROISSE;25313;2823
905045795;15/11/2021;53.20Z;10;2021-11-13T03:36:22;24;BD;DE L EUROPE;95300;PONTOISE;95500;3742
813424439;18/09/2015;46.19B;20;2021-10-15T09:22:46;28;BD;DE 1848;11100;NARBONNE;11262;4451
904936523;15/11/2021;32.13Z;11;2021-11-06T08:38:16;2;ALL;DES SPORTS;73460;FRONTENEX;73121;3484
434987673;01/02/2001;68.20A;28;2021-10-20T03:38:17;192;CHE;DES PRES;83910;POURRIERES;83097;2345
893576876;21/12/2020;85.53Z;39;2021-11-17T04:05:54;55;RUE;RASPAIL;92300;LEVALLOIS-PERRET;92044;3228
905130225;15/11/2021;74.20Z;14;2021-11-15T09:42:09;209;RUE;DE LA CHAPELLE GAUTHIER;77720;BREAU;77052;3304
842096737;05/07/2018;71.12B;23;2021-11-16T08:39:48;4;RUE;DE LA BROCATELLE;39360;CHASSAL-MOLINGES;39339;4058
905187043;16/11/2021;43.99C;13;2021-11-16T09:29:05;13;RUE;DU LUXEMBOURG;54500;VANDOEUVRE-LES-NANCY;54547;3326
905256426;15/11/2021;71.12A;16;2021-11-18T14:47:06;1603;AV;DE LA FONT DES HORTS;83400;HYERES;83069;2415
750761868;01/04/2012;96.04Z;33;2021-11-18T08:33:09;23;AV;DE VERDUN;24100;BERGERAC;24037;5274
905231353;15/11/2021;68.31Z;12;2021-11-17T08:30:26;;RUE;DES HETRES;57290;FAMECK;57206;502
905309167;16/11/2021;68.20B;13;2021-11-19T09:13:19;28;RUE;JEAN ZAY;91300;MASSY;91377;2410
905237772;15/11/2021;77.39Z;17;2021-11-18T13:09:02;;;ZAC ETANG Z ABRICOT;97200;FORT-DE-FRANCE;97209;3850
905251278;15/11/2021;82.11Z;16;2021-11-19T04:13:46;14;RUE;DE LORRAINE;92600;ASNIERES-SUR-SEINE;92004;1293
904399029;15/11/2021;85.42Z;19;2021-10-20T13:48:16;10;RUE;DES ECURIES;83470;SEILLONS SOURCE D'ARGENS;83125;2621
905288908;15/11/2021;68.10Z;15;2021-11-19T09:17:57;500;CHE;DE GINASSERVIS;83510;LORGUES;83072;2938
904921525;16/11/2021;56.10C;13;2021-11-08T09:19:04;32;AV;DES COTES DE BOURG;33710;TAURIAC;33525;4409
905289229;15/11/2021;53.20Z;15;2021-11-19T03:55:04;3;ALL;DES MECANICIENS;49800;TRELAZE;49353;3561
905225801;15/11/2021;62.02A;18;2021-11-17T04:18:16;10;RUE;DES TULIPES;59552;COURCHELETTES;59156;3484
905162277;15/11/2021;00.00Z;16;2021-11-17T10:00:06;1;;GRANDE RUE;14150;OUISTREHAM;14488;2384
905210043;16/11/2021;47.91A;14;2021-11-17T08:34:07;;RTE;DE NERON LACROIX;97160;LE MOULE;97117;16
904239910;15/11/2021;43.99C;14;2021-10-16T08:39:58;12;RUE;GEORGES DE PORTO RICHE;33310;LORMONT;33249;1314
905141388;15/11/2021;52.21Z;17;2021-11-15T11:06:04;34;PL;DE LA DEFENSE;92800;PUTEAUX;92062;5259
905258323;15/11/2021;74.10Z;13;2021-11-18T14:59:40;16;RUE;DES MARAIS;44510;LE POULIGUEN;44135;2624
905140570;15/11/2021;53.20Z;11;2021-11-17T03:39:58;15;RUE;DES PESCHURES;42800;RIVE-DE-GIER;42186;1073
905258604;16/11/2021;81.22Z;16;2021-11-19T04:04:10;2268;RTE;DE VINS;83170;BRIGNOLES;83023;1875
823054473;03/10/2016;85.59B;25;2021-11-18T08:32:06;4;CHE;DE LA BALEINE;17580;LE BOIS-PLAGE-EN-RE;17051;487
905237376;15/11/2021;77.39Z;17;2021-11-19T18:24:48;;;ZAC ETANG Z ABRICOT;97200;FORT-DE-FRANCE;97209;4080
902475169;20/08/2021;45.11Z;14;2021-11-16T10:06:28;153;RTE;DE FLEURY;91170;VIRY-CHATILLON;91687;209
905304283;15/11/2021;41.20A;13;2021-11-19T10:29:10;2;RUE;DE L'EGLISE;91630;AVRAINVILLE;91041;4098
904614476;15/11/2021;96.09Z;11;2021-10-27T09:05:54;36;RUE;GEORGES VINCEY;2300;SINCENY;2719;219
905287512;16/11/2021;20.42Z;16;2021-11-18T09:25:49;4;RUE;PAUL VERLAINE;93130;NOISY-LE-SEC;93053;1154
905237673;16/11/2021;71.12B;17;2021-11-19T03:44:33;1;AV;CRAMPEL;31400;TOULOUSE;31555;3256
905130233;15/11/2021;66.30Z;18;2021-11-16T14:21:23;13;BD;GENERAL DE GAULLE;20200;BASTIA;2B033;4526
905246369;16/11/2021;53.20Z;11;2021-11-18T04:09:15;138;RUE;FELIX PYAT;13003;MARSEILLE 3;13203;3746
905254520;15/11/2021;46.19B;18;2021-11-18T03:41:45;18;RUE;DE LA LIBERATION;29410;PLOUNEOUR-MENEZ;29202;219
904685021;15/11/2021;70.22Z;19;2021-10-28T14:19:54;73;ALL;KLEBER;34000;MONTPELLIER;34172;2889
905200291;15/11/2021;66.30Z;11;2021-11-17T10:08:21;81;RUE;CHANZY;59830;CYSOING;59168;1841
834545451;22/01/2018;70.21Z;25;2021-11-16T11:13:16;10;CHE;DES MOURRENNES;74330;MESIGNY;74179;753
905251443;15/11/2021;41.20B;16;2021-11-17T11:24:47;18;RUE;RAPHAEL MAILLOT;97431;LA PLAINE-DES-PALMISTES;97406;4817
905238424;15/11/2021;77.39Z;14;2021-11-18T10:27:46;;;ZAC ETANG Z ABRICOT;97200;FORT-DE-FRANCE;97209;3648
303104582;25/12/1973;56.30Z;34;2021-10-19T15:06:44;;RUE;CHARLES BOROME;97113;GOURBEYRE;97109;5281
838878726;04/04/2018;68.20B;28;2021-11-20T08:33:55;32;CHE;DE VASSIEUX;69300;CALUIRE-ET-CUIRE;69034;4300
892843343;16/01/2021;53.20Z;13;2021-11-17T15:42:08;16;SQ;ALBERT 1ER;8000;CHARLEVILLE-MEZIERES;8105;405
905124988;15/11/2021;53.20Z;15;2021-11-17T03:44:59;440;RUE;LAMARTINE;69400;VILLEFRANCHE-SUR-SAONE;69264;2842
407687581;02/07/1996;96.02A;30;2021-11-16T03:34:50;15;RUE;DE VERDUN;23000;GUERET;23096;883
905283305;16/11/2021;96.09Z;19;2021-11-18T08:40:42;;CHE;DES PARCS;34340;MARSEILLAN;34150;2001
905320230;15/11/2021;68.31Z;14;2021-11-19T04:00:53;200;RUE;DE LA CHAPELLE MAISON 7;16590;BRIE;16061;4825
825372063;01/01/2017;86.23Z;24;2021-11-04T10:45:18;3;CRS;EMILE ZOLA;69100;VILLEURBANNE;69266;2490
905114583;15/11/2021;86.22C;16;2021-11-15T03:40:52;2;RUE;PRINCIPALE;67870;BISCHOFFSHEIM;67045;4987
905231213;16/11/2021;68.20B;18;2021-11-18T08:35:23;20;CHE;DES AMOUREUX;69150;DECINES-CHARPIEU;69275;5059
905219051;15/11/2021;49.32Z;18;2021-11-17T03:58:21;23;BD;JULES SANDEAU;75116;PARIS 16;75116;5022
905168902;15/11/2021;68.20A;13;2021-11-16T03:52:04;6;RUE;DES RESISTANTS;50700;VALOGNES;50615;3014
905235180;15/11/2021;96.09Z;15;2021-11-17T08:40:53;42;CHE;DES MARTINETS;13080;AIX-EN-PROVENCE;13001;970
905222691;15/11/2021;53.20Z;16;2021-11-17T04:11:02;152;RUE;PASTEUR;14000;CAEN;14118;751
905330858;15/11/2021;86.90F;10;2021-11-19T08:38:38;2;RUE;DU PAS DE CALAIS;57520;GROSBLIEDERSTROFF;57260;5054
905216057;16/11/2021;00.00Z;18;2021-11-17T08:10:57;28;FG;DES CORDELIERS;34120;PEZENAS;34199;5123
904942976;15/11/2021;46.39B;13;2021-11-09T09:05:45;55;AV;DE VERSAILLES;94320;THIAIS;94073;657
488417460;01/02/2006;86.90D;59;2021-11-19T15:38:26;33;RUE;DU GENERAL LARROQUE;82170;DIEUPENTALE;82048;4495
905259446;16/11/2021;53.20Z;11;2021-11-19T03:58:53;194;CHE;SAINT SEBASTIEN;6690;TOURRETTE-LEVENS;6147;2997
841580889;04/08/2018;96.09Z;27;2021-11-15T08:35:58;3;RUE;DU MARECHAL LECLERC;22700;PERROS-GUIREC;22168;5199
905330759;15/11/2021;00.00Z;10;2021-11-19T08:38:14;2;RUE;DE L EQUIPEMENT;31320;CASTANET-TOLOSAN;31113;614
811466929;01/06/2015;01.11Z;15;2021-11-18T10:31:25;15;RUE;DE LA CHANAS;38460;VENERIEU;38532;3944
810505180;11/03/2015;94.99Z;36;2021-11-09T10:03:28;45;AV;DE LA BELLE GABRIELLE;75012;PARIS 12;75112;1953
905273421;15/11/2021;43.31Z;16;2021-11-18T04:03:15;240;RUE;D'ENFER;2480;CUGNY;2246;4611
905257598;15/11/2021;96.02B;11;2021-11-18T04:03:15;3;RUE;DU VERMANDOIS;2800;LA FERE;2304;570
905181707;15/11/2021;90.02Z;19;2021-11-16T08:59:22;69;ALL;JEAN FERRAT;73290;LA MOTTE-SERVOLEX;73179;5174
804094985;01/09/2014;23.41Z;20;2021-11-16T03:48:46;14;RUE;ROGER SCHIAFFINI;13003;MARSEILLE 3;13203;121
904427333;16/11/2021;66.22Z;11;2021-10-21T09:14:25;1159;RUE;DE PARIS;60520;LA CHAPELLE-EN-SERVAL;60142;3753
905263638;16/11/2021;62.01Z;17;2021-11-19T03:41:42;;;LE BOURG;43490;LAFARRE;43109;3225
904954849;15/11/2021;49.32Z;17;2021-11-11T08:43:02;2;ALL;EMMANUEL PONTREMOLI;95200;SARCELLES;95585;1834
837479344;29/01/2018;33.20A;25;2021-11-16T08:45:08;135;AV;PASTEUR;33185;LE HAILLAN;33200;4798
905283883;15/11/2021;70.21Z;15;2021-11-18T08:44:04;1;RUE;VILLA DES BOIS;91440;BURES-SUR-YVETTE;91122;3096
513808857;01/07/2009;46.19B;33;2021-11-17T09:13:44;48;AV;DE VILLIERS;75017;PARIS 17;75117;5314
905205464;15/11/2021;53.20Z;19;2021-11-17T03:57:02;39;RUE;MOLIERE;92120;MONTROUGE;92049;230
905102273;15/11/2021;47.91B;18;2021-11-15T09:00:16;15;RUE;DES HALLES;75001;PARIS 1;75101;5177
303295158;23/04/1990;70.22Z;107;2021-11-18T08:40:11;;CHE;DU PETIT TAVELET;30126;TAVEL;30326;2547
905293544;15/11/2021;47.91B;11;2021-11-20T03:47:23;17;;SENTE DES MURIERS ;95000;BOISEMONT;95074;2785
905009973;01/10/2021;35.11Z;17;2021-11-19T03:47:30;1639;RTE;DE BEAUDINARD;13400;AUBAGNE;13005;1424
905307260;15/11/2021;68.20B;18;2021-11-19T09:02:25;;;LE CHATEAU BUISSON;37270;AZAY-SUR-CHER;37015;5119
905107223;15/11/2021;70.22Z;18;2021-11-15T15:27:29;6;RUE;LOUIS NICOLAS CLERAMBAULT;75020;PARIS 20;75120;4975
905283131;16/11/2021;70.22Z;19;2021-11-18T08:40:13;21;AV;DU MOULIN-A-VENT;34420;PORTIRAGNES;34209;3708
521801498;12/04/2010;88.91A;28;2021-11-16T15:53:58;1;RUE;ABBE FREMOND;49100;ANGERS;49007;1911
904377165;15/11/2021;74.10Z;17;2021-10-20T08:55:59;;CHE;DU MOULIN A VENT;69210;BULLY;69032;2583
751946831;23/04/2012;46.19B;37;2021-11-19T17:33:19;12;RUE;DU MARECHAL JOFFRE;6000;NICE;6088;2228
905212064;15/11/2021;43.21A;18;2021-11-17T12:20:29;143;RUE;DU CHATEAU;1090;GUEREINS;1183;3536
904367406;15/11/2021;96.09Z;17;2021-10-20T08:35:20;7;RUE;COMTE DE LANJUINAIS;56500;BIGNAN;56017;314
905277786;15/11/2021;70.22Z;18;2021-11-18T07:37:20;4;RUE;ARISTIDE BRIAND;94410;SAINT-MAURICE;94069;2150
905062196;15/11/2021;96.09Z;19;2021-11-10T11:04:26;60;BD;SERURIER;75019;PARIS 19;75119;2428
905249843;15/11/2021;53.20Z;12;2021-11-17T11:04:36;366;AV;GEORGES DURAND;72100;LE MANS;72181;3550
905224671;15/11/2021;70.22Z;16;2021-11-17T04:15:40;54;RUE;ETIENNE DOLET;94230;CACHAN;94016;3735
512412628;01/05/2009;46.72Z;954;2021-11-16T11:34:13;7;PL;DES PROMENADES POPULLE;42300;ROANNE;42187;3605
905224259;15/11/2021;70.22Z;10;2021-11-17T04:14:42;675;CHE;BOISSY;97410;SAINT-PIERRE;97416;1099
905205514;15/11/2021;85.59B;11;2021-11-16T13:56:17;;RUE;DES PITTINGUES;41300;SALBRIS;41232;1890
905192837;15/11/2021;00.00Z;11;2021-11-16T10:33:22;8;PL;DE LA RESIDENCE;92160;ANTONY;92002;3273
904624574;15/11/2021;88.10A;11;2021-10-27T10:29:39;4;CHE;BELLEVUE;31290;GARDOUCH;31210;2190
905230033;15/11/2021;81.29B;11;2021-11-17T09:48:01;4;RUE;EDOUARD VAILLANT;62430;SALLAUMINES;62771;5062
904431855;15/11/2021;46.19B;17;2021-11-15T10:31:08;134;RUE;NATIONALE;59200;TOURCOING;59599;1325
904739828;15/11/2021;49.32Z;13;2021-10-30T08:33:32;1;ALL;BOUGAINVILLE;93270;SEVRAN;93071;301
905234738;15/11/2021;86.90F;11;2021-11-17T08:39:54;19;AV;HENRI DUNANT;64000;PAU;64445;2859
905075990;15/11/2021;15.12Z;10;2021-11-11T08:54:26;73;RTE;DE VOURLES;69230;SAINT-GENIS-LAVAL;69204;2100
904675451;15/11/2021;47.89Z;10;2021-11-02T06:33:49;110;RUE;JEAN CHATEL;97400;SAINT-DENIS;97411;2941
905268959;16/11/2021;70.22Z;12;2021-11-18T03:48:04;203;RUE;DE CRIMEE;75019;PARIS 19;75119;316
905302634;15/11/2021;68.31Z;19;2021-11-19T08:38:22;;IMP;MONTAUBAN;97129;LAMENTIN;97115;2431
905197646;15/11/2021;41.20A;11;2021-11-17T11:23:54;42;RUE;CHARLES CAPSEC;33160;SAINT-MEDARD-EN-JALLES;33449;4286
905101697;15/11/2021;70.21Z;19;2021-11-15T11:59:33;;IMP;VINASSE;97232;LE LAMENTIN;97213;3106
905322251;15/11/2021;53.20Z;18;2021-11-19T04:11:49;18;RUE;HOCHE;93500;PANTIN;93055;1351
904495660;15/11/2021;86.23Z;14;2021-10-23T08:40:52;2;;GRANDE RUE. ;25770;FRANOIS;25258;1819
905278958;15/11/2021;68.20B;12;2021-11-18T08:11:31;;QUA;MINHOTZ;64240;HASPARREN;64256;5131
507912939;01/10/2008;71.12B;26;2021-11-15T11:01:11;6;RUE;EDOUARD AUFRERE;91800;BRUNOY;91114;4497
905257028;16/11/2021;68.32A;19;2021-11-18T08:07:19;21;RUE;DE LA CROIX MUSSET;78111;DAMMARTIN-EN-SERVE;78192;3233
905276432;15/11/2021;85.52Z;10;2021-11-18T04:15:40;57;RUE;CHARLOT;75003;PARIS 3;75103;567
905261921;15/11/2021;11.01Z;19;2021-11-17T15:57:05;171;RUE;ABBE DE L'EPEE;13005;MARSEILLE 5;13205;233
879567113;01/12/2019;69.10Z;29;2021-11-17T09:54:37;22;RUE;DU COMMERCE;18000;BOURGES;18033;1387
905363461;15/11/2021;68.31Z;13;2021-11-20T04:00:27;34;RUE;LEBERTHON;33000;BORDEAUX;33063;4463
905314100;15/11/2021;68.31Z;17;2021-11-18T19:33:07;16;RUE;SAINT-SEPULCRE;22430;ERQUY;22054;4618
905075602;15/11/2021;42.11Z;11;2021-11-16T12:29:14;6;RUE;E BELIN;78340;LES CLAYES-SOUS-BOIS;78165;262
905308714;15/11/2021;00.00Z;13;2021-11-19T08:38:18;6;IMP;DU PARC;31460;SEGREVILLE;31540;1888
509529525;26/12/2008;47.89Z;24;2021-11-17T03:54:27;12;BD;CLAUDE DEBUSSY;65000;TARBES;65440;5031
905358610;15/11/2021;74.90B;12;2021-11-19T17:21:16;;RUE;DES TILLEULS;33470;LE TEICH;33527;1896
905343406;16/11/2021;00.00Z;13;2021-11-19T10:33:22;6;RUE;D ARMAILLE;75017;PARIS 17;75117;1701
905211561;15/11/2021;43.31Z;14;2021-11-17T03:40:47;;LD;KEROBET;22290;GOUDELIN;22065;4568
904681996;15/11/2021;47.91A;16;2021-10-30T08:52:32;8;RUE;GODEFROY CAVAIGNAC;59000;LILLE;59350;1590
905221255;15/11/2021;71.12B;11;2021-11-17T04:07:05;9;RUE;MONTAIGNE;62000;DAINVILLE;62263;192
904711702;15/11/2021;70.22Z;12;2021-11-02T09:59:39;28;RUE;DE BREBAN;51200;EPERNAY;51230;5275
905113460;15/11/2021;71.12B;18;2021-11-15T03:38:18;4;RUE;DE LA VERRERIE;31500;TOULOUSE;31555;5251
438734931;05/01/2001;73.11Z;27;2021-10-25T17:01:15;280;AV;GEN NORBERT RIERA;83600;FREJUS;83061;4598
905324950;15/11/2021;62.01Z;13;2021-11-19T07:34:31;15;RUE;DU SERGENT BAUCHAT;75012;PARIS 12;75112;1814
905221511;15/11/2021;70.22Z;17;2021-11-17T04:07:34;2;RUE;HENRI MATISSE;31320;CASTANET-TOLOSAN;31113;2087
904517349;15/11/2021;86.90F;18;2021-10-25T08:38:29;;HAM;LA NOE BICHE;35590;L'HERMITAGE;35131;262
904771227;16/11/2021;71.20B;17;2021-11-02T11:42:45;1;CHE;DES SILENES;65510;LOUDENVIELLE;65282;2717
905156782;15/11/2021;68.20B;13;2021-11-16T03:36:12;5;RUE;DES POSTIERS;91610;BALLANCOURT-SUR-ESSONNE;91045;2124
905197380;15/11/2021;96.09Z;17;2021-11-16T11:29:15;1;CHE;DE HALAGE CASAMENE;25000;BESANCON;25056;3184
905348660;15/11/2021;86.23Z;10;2021-11-20T04:03:09;70;BD;DU GENERAL DE GAULLE;91210;DRAVEIL;91201;2495
905142972;15/11/2021;00.00Z;17;2021-11-17T08:18:58;3592;RTE;NAPOLEON;38320;BRIE-ET-ANGONNES;38059;2247
822084612;07/08/2016;47.91A;24;2021-11-13T03:37:59;3;RUE;DU 19 NOVEMBRE;68480;LIEBSDORF;68184;4339
905086591;15/11/2021;53.20Z;13;2021-11-11T08:43:38;51;RUE;GUY MOQUET;94500;CHAMPIGNY-SUR-MARNE;94017;1648
749947958;29/02/2012;70.21Z;31;2021-11-11T09:08:07;116;AV;MAL DE LATTRE DE TASSIGNY;93260;LES LILAS;93045;3840
904428398;15/11/2021;70.21Z;13;2021-10-21T09:16:19;18;BD;GABRIEL PERI;93110;ROSNY-SOUS-BOIS;93064;707
894216910;08/02/2021;86.21Z;22;2021-11-06T13:01:18;11;;LOTISSEMENT DU PARC;87510;NIEUL;87107;5124
481705671;04/04/2005;01.13Z;24;2021-11-06T14:41:00;;;LA CHAUNIERE;53940;AHUILLE;53001;65
905243168;15/11/2021;86.90F;10;2021-11-18T08:36:56;100;RUE;DE LA VERTE VALLEE;27470;FONTAINE L'ABBE;27251;2976
905086120;15/11/2021;66.19B;11;2021-11-11T08:41:49;17;RUE;DE REMUSAT;75016;PARIS 16;75116;1316
905330486;15/11/2021;70.22Z;10;2021-11-19T08:37:49;12;RUE;DE PROVENCE;53940;AHUILLE;53001;3294
905168324;16/11/2021;56.10C;10;2021-11-16T03:50:12;29;RUE;DU ROUET;13006;MARSEILLE 6;13206;3645
812817120;17/08/2015;86.90E;31;2021-11-09T08:43:42;100;RUE;EMILE NORMANDIN;17000;LA ROCHELLE;17300;234
905193348;15/11/2021;45.11Z;18;2021-11-18T03:42:41;2285;;CHEMIN DE PROVENCE;6510;GATTIERES;6064;2741
900081522;03/06/2021;96.09Z;22;2021-11-18T04:15:25;30;RUE;RASPAIL;94140;ALFORTVILLE;94002;2288
822054151;12/09/2016;96.09Z;29;2021-11-04T10:35:11;1;PL;DES ANCIENS COMBATTANTS;7200;VESSEAUX;7339;3994
905354346;15/11/2021;53.20Z;17;2021-11-21T03:51:26;12;RUE;DU CHATEAU D EAU;74240;GAILLARD;74133;1231
905175204;15/11/2021;43.32B;15;2021-11-16T08:41:56;88;IMP;DU GRAND PRE;73160;SAINT-JEAN-DE-COUZ;73246;2574
751563875;01/06/2012;49.32Z;36;2021-11-16T08:47:26;92;RUE;CAMENA D ALMEIDA;33000;BORDEAUX;33063;1773
905291175;16/11/2021;53.20Z;16;2021-11-19T03:50:16;31;RUE;DE LA GRESIERE;62660;BEUVRY;62126;3796
899624514;29/05/2021;81.21Z;27;2021-11-17T15:12:09;1028;AV;GRANDE CHARTREUSE;73000;CHAMBERY;73065;250
905316105;16/11/2021;71.12B;14;2021-11-19T03:42:32;126;RTE;DE SAINT GIROND;97111;MORNE A L'EAU;97116;1046
905132262;15/11/2021;85.59A;15;2021-11-16T11:37:57;38;RUE;DE SAINT QUENTIN;93700;DRANCY;93029;5257
905198958;15/11/2021;43.34Z;19;2021-11-16T11:36:48;8;RUE;MONPREAU;8160;CHALANDRY-ELAIRE;8096;1625
900695677;21/06/2021;85.60Z;14;2021-11-15T19:32:54;176;BD;SAINT GERMAIN;75006;PARIS 6;75106;1014
380622332;05/10/1990;47.71Z;4722;2021-11-10T15:41:18;;AV;DU CHENE SAINT AMAND;52100;SAINT-DIZIER;52448;3722
905242582;15/11/2021;80.10Z;13;2021-11-20T03:50:51;38;RUE;GABRIEL PERI;31000;TOULOUSE;31555;2039
904866399;15/11/2021;71.12B;10;2021-11-04T10:32:45;18;RUE;ELIE PELAS;13016;MARSEILLE 16;13216;2883
905082491;15/11/2021;86.23Z;10;2021-11-18T03:47:26;180;RTE;DU NANT;1280;PREVESSIN-MOENS;1313;1864
528147788;08/11/2010;47.29Z;20;2021-11-06T08:48:04;55;AV;DU GEN BORGNIS DESBORDES;56000;VANNES;56260;2478
905104444;15/11/2021;53.20Z;13;2021-11-13T03:45:37;1;ALL;DES MELITES;91150;ETAMPES;91223;15
904270774;16/11/2021;96.03Z;14;2021-10-19T08:51:23;3;RUE;DES ECOLES;15250;SAINT-PAUL-DES-LANDES;15204;4682
904244290;15/11/2021;47.82Z;14;2021-10-16T03:39:02;9;RUE;DE LA REMISE A GROUAN;93420;VILLEPINTE;93078;613
494791718;22/03/2007;70.21Z;21;2021-11-19T08:38:42;4;RUE;DU CHAMP DE L ORME;35000;RENNES;35238;5238
888149325;17/08/2020;53.20Z;35;2021-11-18T11:55:30;68;RUE;DU FBG DE PARIS;59300;VALENCIENNES;59606;2016
905067286;15/11/2021;70.22Z;13;2021-11-15T06:57:47;15;RUE;DU STRATEGIQUE;90340;CHEVREMONT;90026;5096
851513739;03/06/2019;74.90B;17;2021-11-20T04:04:20;;;FONFREDE;81350;SERENAC;81285;4013
905271151;16/11/2021;82.30Z;11;2021-11-18T03:56:10;30;RUE;CLAUDE MIVIERE;92270;BOIS-COLOMBES;92009;927
881497812;01/02/2020;85.51Z;27;2021-11-15T03:36:01;4;AV;DE LA PAIX;95200;SARCELLES;95585;2402
823470661;01/10/2016;01.50Z;13;2021-11-17T11:43:54;;LD;AU MOULIN;32140;CHELAN;32103;4428
811675487;28/05/2015;90.03B;29;2021-11-18T03:35:21;28;RUE;DE PARIS;94220;CHARENTON-LE-PONT;94018;4100
905169231;15/11/2021;93.13Z;16;2021-11-16T06:07:50;7;IMP;DES VAVANGUES;97427;L'ETANG SALE;97404;3854
905271995;16/11/2021;45.11Z;11;2021-11-18T03:59:43;10;AV;DANIELLE MITTERRAND;33130;BEGLES;33039;5270
905244265;15/11/2021;66.30Z;13;2021-11-18T11:44:01;39;AV;CPT RESPLANDY;64100;BAYONNE;64102;1783
840087142;10/05/2018;85.51Z;54;2021-11-11T08:45:41;;;LES GRANGES;46300;MILHAC;46194;3505
905142923;15/11/2021;53.20Z;10;2021-11-19T03:55:41;105;RUE;DE TOURCOING;59223;RONCQ;59508;3983
905208773;16/11/2021;00.00Z;10;2021-11-18T07:13:55;215;AV;DE CHASSEFORET;73710;PRALOGNAN-LA-VANOISE;73206;3415
905177929;15/11/2021;85.51Z;15;2021-11-16T08:49:23;17;AV;DELPHINE;6240;BEAUSOLEIL;6012;40
821508884;04/07/2016;86.90E;29;2021-10-29T14:56:23;2;RUE;DE CASTELNAUDARY;31500;TOULOUSE;31555;2533
905079356;15/11/2021;96.04Z;10;2021-11-10T19:32:09;7;;LOT DE LA FONTAINE;56400;PLUMERGAT;56175;1783
905225553;15/11/2021;53.20Z;15;2021-11-17T04:17:46;1;RUE;D ENGHIEN;75010;PARIS 10;75110;2850
835315441;05/02/2018;74.10Z;21;2021-11-17T04:15:15;20;RUE;MANIN;75019;PARIS 19;75119;1606
904756368;16/11/2021;93.29Z;18;2021-11-02T09:20:21;10;ALL;DES NYMPHES;60200;COMPIEGNE;60159;866
905336772;16/11/2021;70.10Z;17;2021-11-19T09:21:23;22;PL;DU MARECHAL LECLERC;59800;LILLE;59350;4638
840847347;01/07/2018;59.11A;35;2021-11-17T08:51:21;28;RUE;DE L'UNIVERSITE;75007;PARIS 7;75107;983
905207163;15/11/2021;86.90F;15;2021-11-16T14:24:34;13;RUE;GUYNEMER;24000;PERIGUEUX;24322;1995
844308650;01/04/2018;01.49Z;28;2021-11-16T09:18:40;;;;20140;PETRETO-BICCHISANO;2A211;4572
905213856;15/11/2021;85.60Z;16;2021-11-16T16:37:24;;AV;PAULIANI;6000;NICE;6088;3833
904862489;15/11/2021;53.20Z;13;2021-11-04T09:46:44;16;AV;DE L EUROPE;51100;REIMS;51454;1771
905226163;15/11/2021;81.21Z;12;2021-11-17T04:19:33;;;ANSE DES CAYES;97133;SAINT BARTHELEMY;97701;445
905255956;15/11/2021;70.22Z;13;2021-11-17T13:39:30;11;RUE;RAYMOND POINCARE;77400;THORIGNY-SUR-MARNE;77464;3992
905315750;15/11/2021;47.99A;18;2021-11-19T03:39:59;139;RUE;DE LA FRATERNITE;62119;DOURGES;62274;2058
904915238;15/11/2021;94.99Z;11;2021-11-05T10:46:19;9;RUE;DU GENERAL DUMONT;17000;LA ROCHELLE;17300;4383
904922333;15/11/2021;00.00Z;11;2021-11-18T03:48:41;612;AV;DU GENERAL DE GAULLE;83300;DRAGUIGNAN;83050;3891
905352191;15/11/2021;01.43Z;19;2021-11-20T03:35:58;;;GARAUD;9290;LE MAS D'AZIL;9181;1637
905187704;15/11/2021;96.09Z;10;2021-11-17T08:31:55;12;PL;LAGNEL;13550;NOVES;13066;2917
905309530;15/11/2021;59.11C;12;2021-11-20T03:48:36;89;AV;DE PARIS;92320;CHATILLON;92020;2688
904876208;15/11/2021;53.20Z;11;2021-11-05T03:46:40;2;ALL;MOZART;93270;SEVRAN;93071;3026
878096916;08/10/2019;71.12B;35;2021-11-17T08:37:44;4;BD;DE CHINON;37510;BALLAN-MIRE;37018;4863
905230918;15/11/2021;56.10C;13;2021-11-17T08:24:49;5;LOT;CANU;26250;LIVRON-SUR-DROME;26165;1279
893424911;26/01/2021;01.43Z;20;2021-10-02T14:37:00;;;1639 1696 CHEMIN DU RADIER;14430;HOTOT-EN-AUGE;14335;572
905055737;15/11/2021;68.20B;19;2021-11-15T08:15:23;8;RUE;DU SERGENT ESCOFFIER;61200;ARGENTAN;61006;2647
905221651;16/11/2021;70.22Z;11;2021-11-17T04:07:49;42;BD;DES BROTTEAUX;69006;LYON 6EME;69386;615
904950342;15/11/2021;62.02A;17;2021-11-08T09:04:28;43;AV;DU ROULE;92200;NEUILLY-SUR-SEINE;92051;2303
905008900;15/11/2021;81.21Z;11;2021-11-09T11:16:55;25;RUE;DES RENAUDES;75017;PARIS 17;75117;4777
905099875;15/11/2021;53.20Z;15;2021-11-13T03:44:01;109;RUE;JEAN CATELAS;95340;PERSAN;95487;3926
905103503;15/11/2021;46.90Z;17;2021-11-13T03:34:18;2;;LA MARE AUX LOUPS;77310;SAINT-FARGEAU-PONTHIERRY;77407;733
428515324;01/04/1987;90.01Z;54;2021-11-17T08:36:19;36;RUE;DE LA HAYE;52220;RIVES DERVOISES;52411;3918
905224754;15/11/2021;88.91A;10;2021-11-17T04:15:45;14;RUE;DE LILLE;93160;NOISY-LE-GRAND;93051;2678
905070140;15/11/2021;43.21A;17;2021-11-11T08:49:54;6;RUE;HECTOR BERLIOZ;91560;CROSNE;91191;521
904990553;15/11/2021;96.09Z;11;2021-11-09T08:49:21;9;IMP;NANSOUTY;75014;PARIS 14;75114;4473
904927787;15/11/2021;74.10Z;13;2021-11-08T11:02:56;163;RUE;FRIMAIRE;34000;MONTPELLIER;34172;4499
904974425;15/11/2021;53.20Z;12;2021-11-10T08:48:40;1;RUE;DE L ETANG DE LA LOY;77400;SAINT-THIBAULT-DES-VIGNES;77438;5095
905330304;15/11/2021;81.21Z;15;2021-11-19T14:18:41;24;RUE;PAVEE;76100;ROUEN;76540;2450
884082256;01/06/2020;74.10Z;30;2021-11-16T11:06:37;24;RUE;LUCIEN ANDRIEUX;38100;GRENOBLE;38185;4484
803479112;07/07/2014;86.90E;51;2021-11-10T10:30:45;126;AV;DE LA MARNE;33700;MERIGNAC;33281;2143
814035069;09/10/2015;74.20Z;24;2021-11-17T08:39:12;13;RUE;DE FRIAS;64200;BIARRITZ;64122;359
904861952;15/11/2021;47.78A;11;2021-11-17T08:37:22;955;CHE;DE LA FAUCEILLE;66100;PERPIGNAN;66136;5325
905278628;16/11/2021;96.09Z;11;2021-11-18T08:04:18;4;RUE;JEAN LEBLOND;95130;FRANCONVILLE;95252;2634
904528478;15/11/2021;32.99Z;12;2021-10-25T10:32:14;7;RUE;DE L'EUROPE;57480;SIERCK-LES-BAINS;57650;2000
805060944;06/10/2014;43.34Z;16;2021-11-18T08:08:58;11;RTE;SAINT HILAIRE DU HARCOUET;50540;ISIGNY-LE-BUAT;50256;2119
904367422;15/11/2021;85.60Z;14;2021-10-20T08:35:22;7;RUE;DE LA FARIGOULE;34430;SAINT-JEAN-DE-VEDAS;34270;1528
893863902;01/02/2021;68.31Z;27;2021-11-20T03:41:33;5;RUE;DES MACONNIERES;44210;PORNIC;44131;1272
905237517;15/11/2021;77.39Z;16;2021-11-18T10:33:24;;;ZAC ETANG Z ABRICOT;97200;FORT-DE-FRANCE;97209;1979
905352555;16/11/2021;68.20B;15;2021-11-20T08:32:49;13;AV;PAUL LANGEVIN;31400;TOULOUSE;31555;5225
903772978;15/11/2021;79.11Z;16;2021-10-04T08:43:44;;;4-CAZZE EMILI VENDREIL - LOCAL 7;;;;4243
830734786;03/07/2017;56.21Z;15;2021-11-19T16:13:01;19;ALL;DES MARRONNIERS;78000;VERSAILLES;78646;1977
904838588;15/11/2021;68.20A;13;2021-11-04T03:43:48;62;RUE;DES ROMAINS;51100;REIMS;51454;2641
801712472;09/04/2014;96.09Z;35;2021-11-06T13:17:05;;;LES BRUYERES;72120;MAROLLES-LES-SAINT-CALAIS;72190;1305
905012498;01/11/2021;43.39Z;28;2021-11-17T08:36:46;27;RUE;DE ROMAINVILLE;93100;MONTREUIL;93048;3902
480803485;03/01/2005;86.22C;14;2021-11-06T14:39:23;33;BD;D OXFORD;6400;CANNES;6029;3011
905235560;15/11/2021;82.11Z;18;2021-11-17T08:42:15;187;CHE;CHEMIN DU VALLON;13790;ROUSSET;13087;2577
905209557;15/11/2021;43.99D;16;2021-11-18T03:54:08;;;ZONE ARTISANALE LE PETIT SOUPER ;36110;VINEUIL;36247;5241
905276754;16/11/2021;43.99C;17;2021-11-18T04:16:48;212;AV;DU 8 MAI 1945;40160;PARENTIS-EN-BORN;40217;3844
905268421;15/11/2021;68.20A;13;2021-11-18T03:45:25;2;RUE;DU GUESCLIN;34000;MONTPELLIER;34172;2016
905197190;15/11/2021;56.30Z;10;2021-11-17T08:32:28;10;;MONTEE DES ERABLES;38200;SAINT-SORLIN-DE-VIENNE;38459;1033
905166377;15/11/2021;00.00Z;10;2021-11-16T11:04:34;54;AV;HENRI BARBUSSE;93700;DRANCY;93029;4595
905183646;15/11/2021;47.99A;17;2021-11-16T09:03:25;125;RUE;GUSTAVE LECOMTE;76350;OISSEL;76484;3061
794661256;01/09/2013;62.01Z;22;2021-11-06T13:21:36;1;ALL;DU THEATRE;44800;SAINT-HERBLAIN;44162;1324
904713567;15/11/2021;96.09Z;17;2021-10-29T09:29:33;405;CHE;DU GUIFFIER;26350;VALHERBASSE;26210;5022
905240768;15/11/2021;53.20Z;10;2021-11-18T09:48:30;34;RTE;DE LIGNY;45240;LA FERTE-SAINT-AUBIN;45146;1863
905005443;15/11/2021;74.30Z;15;2021-11-09T10:42:30;22;RUE;D ALESIA;75014;PARIS 14;75114;4642
905295549;15/11/2021;68.20B;18;2021-11-19T08:45:44;556;CHE;DU MOLARET;38200;VILLETTE-DE-VIENNE;38558;5028
900897323;05/07/2021;86.90E;29;2021-11-06T13:06:00;12;PL;DE LA CHARMILLE;91160;LONGJUMEAU;91345;4467
905296091;15/11/2021;45.20A;10;2021-11-19T04:12:33;3;RUE;DE LA MARE D'ORVILLERS - RD 1001;60530;DIEUDONNE;60197;4388
904942497;15/11/2021;86.90F;10;2021-11-08T03:41:50;23;RUE;DU BOURG;71710;MARMAGNE;71282;2986
432807063;03/10/2000;96.02A;24;2021-11-06T14:26:33;7;;STADE MUNICIPAL;39000;LONS-LE-SAUNIER;39300;4654
480332006;24/11/2004;49.32Z;26;2021-11-06T14:39:19;52;RUE;DE BELLEVUE;77340;PONTAULT-COMBAULT;77373;3807
904501459;15/11/2021;10.11Z;13;2021-10-23T03:40:28;65;AV;D ARGENTON;36000;CHATEAUROUX;36044;911
818929002;01/04/2016;86.90F;33;2021-11-18T08:40:49;5;BD;DE LA PIERRE BLANCHE;11000;CARCASSONNE;11069;2766
905141677;15/11/2021;96.09Z;13;2021-11-15T11:08:28;3;RUE;DE BENFELD;67230;KERTZFELD;67233;1486
905192811;16/11/2021;53.20Z;16;2021-11-18T08:16:57;14;RUE;FAIDHERBE;90000;BELFORT;90010;4686
905279956;15/11/2021;68.20B;15;2021-11-19T09:45:02;19;RUE;DUPERRE;75009;PARIS 9;75109;3502
511344939;15/03/2009;81.30Z;26;2021-11-17T03:40:26;281;RUE;GUYOT PRIEUR;51230;FERE-CHAMPENOISE;51248;3354
905218327;16/11/2021;53.20Z;13;2021-11-17T03:52:12;7;RUE;MONTCALM;14000;CAEN;14118;1598
905251492;16/11/2021;68.20B;13;2021-11-18T08:53:16;45;RUE;DE L ORMETEAU;77176;SAVIGNY-LE-TEMPLE;77445;4500
905085718;01/11/2021;43.99C;21;2021-11-17T08:21:18;9;RUE;JULES JACQUEMARD;94190;VILLENEUVE-SAINT-GEORGES;94078;169
904955515;15/11/2021;62.02A;13;2021-11-08T09:51:21;1;RUE;GEORGE SAND;91180;SAINT-GERMAIN-LES-ARPAJON;91552;1946
904600962;15/11/2021;47.91B;16;2021-10-27T07:38:50;;;KOMPLEK MAJAPAHIT PERMAI BLOK A-;;;;5060
905138442;15/11/2021;00.00Z;17;2021-11-16T11:20:12;24;RUE;D ERMONT;95210;SAINT-GRATIEN;95555;4723
828532143;03/01/2017;86.90D;33;2021-11-06T13:55:59;484;RUE;RUE DU VERCORS;38210;SAINT-QUENTIN-SUR-ISERE;38450;5062
889030243;01/10/2020;53.20Z;14;2021-11-17T15:08:31;37;RUE;DOCTEUR HERMITE;38000;GRENOBLE;38185;3877
905255535;16/11/2021;82.92Z;15;2021-11-17T13:22:58;34;RUE;DU PAS DE LA MULE;42600;ECOTAY L'OLME;42087;4074
905207130;16/11/2021;53.20Z;14;2021-11-18T03:58:24;1;RUE;EMILE ZOLA;79000;NIORT;79191;2417
905311916;15/11/2021;66.30Z;19;2021-11-20T03:52:23;150;RUE;RAYMOND LAVIGNE;33110;LE BOUSCAT;33069;4206
905210597;15/11/2021;47.91B;19;2021-11-17T03:50:32;2;PL;DU MARCHE;91330;YERRES;91691;95
905215331;15/11/2021;68.20B;18;2021-11-16T19:33:32;17;RUE;DE ROQUEBILLIERE;6300;NICE;6088;1576
882280720;03/03/2020;66.30Z;39;2021-11-20T03:55:17;82;RUE;DE LA TALAUDIERE;42000;SAINT-ETIENNE;42218;1442
905238952;15/11/2021;77.39Z;14;2021-11-18T12:58:26;;;ZAC ETANG Z ABRICOT;97200;FORT-DE-FRANCE;97209;1614
905163622;15/11/2021;47.71Z;12;2021-11-15T18:48:47;30;BD;GARIBALDI;75015;PARIS 15;75115;1107
442291589;04/05/2002;86.90F;46;2021-11-17T08:40:56;40;AV;DE LA LIBERATION;5100;BRIANCON;5023;1156
904826328;15/11/2021;66.22Z;18;2021-11-09T09:47:31;6;IMP;KARINE RUBY;53100;MAYENNE;53147;2183
905311197;16/11/2021;53.20Z;16;2021-11-20T03:47:08;1;RUE;LINARD HUBERT;10000;TROYES;10387;4192
905326336;15/11/2021;64.20Z;13;2021-11-19T08:15:31;4;PL;DE L ECHAUGUETTE;78570;CHANTELOUP-LES-VIGNES;78138;4387
905256673;16/11/2021;47.91B;13;2021-11-17T13:54:06;2;;SANTA MONICA;97150;SAINT MARTIN;97801;1186
905244588;15/11/2021;85.51Z;18;2021-11-17T10:04:40;3;PL;DE LA GARE;16000;ANGOULEME;16015;1299
905266151;16/11/2021;70.22Z;18;2021-11-18T03:35:24;;BD;VOLTAIRE;75011;PARIS 11;75111;4149
904875333;15/11/2021;47.91B;18;2021-11-05T09:50:18;7;RUE;HENRI WALLON;33130;BEGLES;33039;4962
905239562;15/11/2021;96.04Z;10;2021-11-17T09:16:16;1;IMP;JEAN-GUILLAME ECREVISSE;91100;CORBEIL-ESSONNES;91174;3856
904630605;15/11/2021;68.31Z;15;2021-10-28T03:48:00;7;RUE;DES ECOLES;29510;EDERN;29048;3557
904612314;15/11/2021;71.12B;16;2021-10-27T09:02:19;18;RUE;DU DOCTEUR CALMETTE;38000;GRENOBLE;38185;440
905194189;16/11/2021;43.34Z;15;2021-11-17T04:19:18;5;RUE;JULES FERRY;28200;DONNEMAIN-SAINT-MAMES;28132;2326
321707150;01/01/1900;74.20Z;41;2021-11-16T08:47:25;62;ALL;DU PAS D OUEN;33370;BONNETAN;33061;1960
904846755;15/11/2021;62.02A;18;2021-11-04T08:42:42;3;RUE;CHAUDRON;75010;PARIS 10;75110;2668
904240678;15/11/2021;47.89Z;14;2021-10-18T08:34:08;3;PL;DES 3 FRERES LEBEUF;92400;COURBEVOIE;92026;2381
825372063;01/01/2017;86.23Z;24;2021-11-04T10:45:18;4;PL;CHARLES HERNU;69100;VILLEURBANNE;69266;2981
905027512;15/11/2021;71.12B;11;2021-11-12T03:37:28;8;RTE;DE CHAMPRIAND;74230;THONES;74280;1263
905273868;16/11/2021;70.22Z;18;2021-11-18T04:04:20;13;RUE;BOYER;75020;PARIS 20;75120;256
901374215;05/07/2021;86.90E;27;2021-11-09T08:50:49;47;RUE;MONTPENSIER;64000;PAU;64445;1389
905253852;15/11/2021;74.90B;16;2021-11-18T03:53:31;8;RTE;ROUTE D'ANGERS AMBILLOU-CHATEAU;49700;TUFFALUN;49003;1302
890297534;15/10/2020;46.42Z;20;2021-11-18T08:34:22;80;RUE;DU MARECHAL JOFFRE;76600;LE HAVRE;76351;640
905178398;15/11/2021;85.59B;12;2021-11-16T08:50:44;334;RUE;DE VAUGIRARD;75015;PARIS 15;75115;3844
905239000;15/11/2021;77.39Z;11;2021-11-18T13:08:35;;;ZAC ETANG Z ABRICOT;97200;FORT-DE-FRANCE;97209;4113
904608510;15/11/2021;86.90F;15;2021-10-27T08:54:54;24;RUE;DES FRANCS MACONS;42100;SAINT-ETIENNE;42218;1703
905199444;15/11/2021;41.20B;19;2021-11-16T11:38:42;26;RUE;LA BANQUETTE PROLONGEE;10400;PONT-SUR-SEINE;10298;2999
905176947;15/11/2021;53.20Z;18;2021-11-16T08:46:27;2;RUE;ALEXANDRE IER;61000;ALENCON;61001;2676
905296075;16/11/2021;64.20Z;13;2021-11-20T03:42:21;;;MAISON TREFLE - PLAS AR SAOUT ;29890;KERLOUAN;29091;2979
904472107;15/11/2021;85.59B;13;2021-10-22T09:00:13;30;RUE;CHALIGNY;75012;PARIS 12;75112;1639
905244851;16/11/2021;64.20Z;10;2021-11-18T09:03:12;105;RUE;JULES FERRY;93170;BAGNOLET;93006;2065
905077319;15/11/2021;56.10C;10;2021-11-11T08:38:05;63;RUE;DU GENERAL DE GAULLE;14440;DOUVRES-LA-DELIVRANDE;14228;4383
904846425;15/11/2021;70.22Z;18;2021-11-04T08:41:34;125;;GRAND RUE;57120;ROMBAS;57591;4708
905234597;15/11/2021;47.99A;11;2021-11-17T08:39:39;22;RUE;DU TILLEUL;68740;NAMBSHEIM;68230;1770
905225777;15/11/2021;74.10Z;10;2021-11-17T04:18:14;59;RUE;DE L'EGLISE;62550;PERNES;62652;769
905273330;16/11/2021;70.22Z;19;2021-11-18T04:03:06;11;RUE;DU PRE;91300;MASSY;91377;4734
905090999;15/11/2021;43.34Z;12;2021-11-11T08:58:00;25;BD;LENINE;69200;VENISSIEUX;69259;4248
905190898;15/11/2021;53.20Z;15;2021-11-18T03:54:32;18;RUE;DE VERDUN;30900;NIMES;30189;1410
903029338;16/11/2021;68.20A;14;2021-09-11T03:48:56;166;AV;DE VERDUN;92130;ISSY-LES-MOULINEAUX;92040;2449
905340907;16/11/2021;43.34Z;13;2021-11-19T09:59:57;33;AV;HENRI BARBUSSE;92700;COLOMBES;92025;3787
905241600;15/11/2021;71.12B;14;2021-11-18T10:59:45;7;RUE;DE LA VALLEE;85600;MONTAIGU-VENDEE;85146;4039
904938503;15/11/2021;14.19Z;11;2021-11-06T08:51:31;19;RUE;DE LA SYRAH;34310;MONTADY;34161;4315
890243918;20/10/2020;47.11B;12;2021-11-17T08:46:50;13;;PLACE SYLVAIN DUMON;82400;VALENCE;82186;4459
905131637;15/11/2021;32.99Z;19;2021-11-17T09:57:51;13;BD;EDOUARD BRANLY;95200;SARCELLES;95585;3553
905336574;15/11/2021;66.19B;17;2021-11-19T09:19:36;;RUE;DE L'UNIVERSITE;62113;VERQUIGNEUL;62847;1512
905291977;16/11/2021;74.30Z;15;2021-11-18T10:20:59;163;CHE;DU BOTET;38330;BIVIERS;38045;211
905011557;15/11/2021;62.02A;14;2021-11-09T11:35:36;1369;RUE;DE LA FORET;45130;ROZIERES-EN-BEAUCE;45264;2193
435356381;01/03/2001;70.22Z;28;2021-11-09T10:20:35;;;LE PETIT BALHUET;32380;BIVES;32055;3830
807856208;26/11/2014;69.10Z;36;2021-11-17T15:08:46;66;RUE;MERLIN DE DOUAI;59500;DOUAI;59178;3942
905339883;15/11/2021;96.09Z;19;2021-11-19T09:50:41;;AV;MARCEL SEMBAT;91200;ATHIS-MONS;91027;5306
904893930;15/11/2021;68.20B;19;2021-11-05T08:11:22;5;RUE;JEANNE D ARC;94160;SAINT-MANDE;94067;2961
905198842;15/11/2021;56.10C;15;2021-11-19T03:44:37;31;RUE;ROMARIN;69001;LYON 1ER;69381;3376
851539650;01/03/2019;70.21Z;24;2021-11-18T08:36:10;83;BD;DU REDON;13009;MARSEILLE 9;13209;3517
904625464;15/11/2021;49.32Z;14;2021-10-28T19:34:24;55;RUE;DU QUATORZE JUILLET;59184;SAINGHIN-EN-WEPPES;59524;3757
905286829;15/11/2021;77.40Z;15;2021-11-18T09:18:45;6;RUE;DE CONDE;33000;BORDEAUX;33063;5226
905357497;16/11/2021;68.20B;15;2021-11-20T03:41:40;2;RUE;CLER;75007;PARIS 7;75107;4631
905354593;15/11/2021;14.13Z;14;2021-11-20T03:40:11;26;;CAMI DE LA HOUN;65500;PUJO;65372;1243
905097192;15/11/2021;45.20A;17;2021-11-15T08:11:15;8;RUE;DE BEL AIR;47400;TONNEINS;47310;3727
904592532;15/11/2021;47.91B;17;2021-10-29T03:56:54;96;RUE;FRANKLIN;69120;VAULX-EN-VELIN;69256;683
904759610;15/11/2021;85.59B;10;2021-11-02T09:53:40;2;RUE;DU PARC;74960;ANNECY;74010;4246
905209227;15/11/2021;64.20Z;16;2021-11-19T11:14:34;;;CROSCIANO ;20233;SISCO;2B281;807
905158077;15/11/2021;70.22Z;16;2021-11-15T15:10:22;385;RUE;PARADIS;13008;MARSEILLE 8;13208;966
905277612;15/11/2021;70.21Z;16;2021-11-18T07:32:58;4;RUE;DES JARDINS;94240;L'HAY-LES-ROSES;94038;4094
851304550;27/05/2019;96.02B;29;2021-11-15T10:56:30;50;AV;JEAN JAURES;26500;BOURG-LES-VALENCE;26058;3875
807898697;01/12/2014;49.32Z;22;2021-11-19T16:33:54;127;AV;DU GENERAL DE GAULLE;94320;THIAIS;94073;1796
905209409;15/11/2021;68.20B;10;2021-11-17T13:52:04;525;RUE;DU QUART DERNIER;74130;MONT-SAXONNEX;74189;2896
902936277;07/09/2021;86.21Z;18;2021-11-13T03:42:45;4;RTE;DE SAINT PONS;34600;BEDARIEUX;34028;804
905213229;16/11/2021;96.02A;16;2021-11-17T19:32:55;14;RUE;JEAN DE LA FONTAINE;47480;PONT-DU-CASSE;47209;2963
905185336;15/11/2021;94.91Z;13;2021-11-16T09:12:13;4;RUE;DU PARC;84240;GRAMBOIS;84052;94
904942372;15/11/2021;70.22Z;15;2021-11-08T03:41:34;161;RUE;SAINT HONORE;75001;PARIS 1;75101;4254
905039301;15/11/2021;53.20Z;15;2021-11-10T08:39:52;27;RUE;DE PIEMONT;25000;BESANCON;25056;1978
901402404;12/07/2021;86.90E;23;2021-11-19T04:10:10;42;HAM;LA SABOTERIE;35540;MINIAC-MORVAN;35179;898
837646835;21/02/2018;43.31Z;20;2021-11-20T03:37:27;27;RUE;MARCEAU PERRUTEL;11000;CARCASSONNE;11069;3311
905337382;15/11/2021;66.30Z;14;2021-11-20T04:01:35;9;RUE;DE LA PAIX;75002;PARIS 2;75102;1048
905363040;15/11/2021;82.19Z;15;2021-11-20T03:58:03;109;IMP;ABBE EDMOND EUDE;83100;TOULON;83137;824
905350435;15/11/2021;68.20B;12;2021-11-20T03:50:05;627;CHE;DE LA PRATO;84210;PERNES-LES-FONTAINES;84088;2999
905341715;15/11/2021;45.11Z;19;2021-11-20T03:54:38;50;AV;DE SAVIGNY;93600;AULNAY-SOUS-BOIS;93005;5251
904829264;15/11/2021;43.91A;12;2021-11-05T09:18:02;4;RUE;DE MADRID;62217;ACHICOURT;62004;2274
905324760;16/11/2021;68.20B;16;2021-11-19T07:28:25;25;RUE;DE L'ANCIENNE MAIRIE;87300;PEYRAT-DE-BELLAC;87116;4001
905343927;15/11/2021;66.19B;18;2021-11-20T03:38:03;9;RUE;D'ARTOIS;75008;PARIS 8;75108;2259
492583679;15/10/2006;66.22Z;39;2021-11-17T10:56:08;3;BD;CHARLES DE GAULLE;64140;LONS;64348;3871
904240835;15/11/2021;81.21Z;10;2021-10-21T13:51:27;6;RUE;DU HOUBLON;68460;LUTTERBACH;68195;2492
523657963;06/07/2010;86.90E;48;2021-11-10T08:57:46;;;LOTISSEMENT PLATEFORME;97222;CASE-PILOTE;97205;1777
893747055;16/02/2021;69.10Z;26;2021-11-18T08:36:39;64;RUE;GRIGNAN;13001;MARSEILLE 1;13201;4680
904985181;15/11/2021;68.31Z;18;2021-11-09T08:34:02;7;RUE;QUIMPER;29190;PLEYBEN;29162;1470
389143678;01/11/1992;94.99Z;24;2021-11-18T08:56:59;;PL;DE LA REPUBLIQUE;57970;BASSE-HAM;57287;4183
905111654;15/11/2021;70.22Z;18;2021-11-15T03:34:32;2;RUE;LOUIS BOUQUET;69009;LYON 9EME;69389;4235
904828282;15/11/2021;86.90E;15;2021-11-03T14:34:36;38;RUE;DU VAL;22960;PLEDRAN;22176;1310
879201135;13/11/2019;43.39Z;16;2021-11-18T09:22:21;;RUE;ROBERT CAUMONT;33300;BORDEAUX;33063;3401
484395629;17/10/2005;47.91B;70;2021-11-18T03:39:26;;;;31750;ESCALQUENS;31169;199
905224309;16/11/2021;72.19Z;13;2021-11-17T04:14:50;5;RUE;DES QUARTS;71510;SAINT-SERNIN-DU-PLAIN;71480;5076
905191458;16/11/2021;45.11Z;17;2021-11-17T03:42:15;175;RTE;DES BROSSES;38300;CULIN;38141;773
905276291;16/11/2021;62.01Z;10;2021-11-18T04:15:23;12;RUE;AUGUSTE BRUN;94450;LIMEIL-BREVANNES;94044;615
905285219;15/11/2021;68.20B;10;2021-11-18T08:59:41;6;RUE;LOUIS PHILIPPE;92200;NEUILLY-SUR-SEINE;92051;980
904814092;15/11/2021;68.20B;14;2021-11-04T09:02:06;4;;LE HUTON ;50560;BLAINVILLE-SUR-MER;50058;2130
898619390;12/05/2021;47.19B;21;2021-11-10T10:28:46;229;RUE;SAINT HONORE;75001;PARIS 1;75101;1588
491383949;01/09/2006;70.22Z;48;2021-11-08T08:35:58;32;RTE;DE FONCIRON;16330;VARS;16393;949
905214920;16/11/2021;00.00Z;19;2021-11-16T19:32:08;65;IMP;DE PETEPEAU;40280;HAUT-MAUCO;40122;3242
905297743;16/11/2021;87.90A;15;2021-11-19T09:17:51;10;ALL;DES CHAMPS ELYSEES;91080;EVRY-COURCOURONNES;91228;4624
905113247;15/11/2021;74.90B;19;2021-11-15T03:37:58;12;RUE;JEAN MOULIN;77510;REBAIS;77385;3098
905162616;15/11/2021;82.11Z;15;2021-11-17T04:13:00;36;CHE;DE LA GRAVARIE;81340;VALENCE D'ALBIGEOIS;81308;688
905124459;15/11/2021;53.20Z;17;2021-11-17T03:39:21;3;RUE;VICTOR HUGO;54400;LONGWY;54323;1789
905261772;15/11/2021;68.20B;16;2021-11-18T04:05:57;11;RUE;BARBARA;91460;MARCOUSSIS;91363;4341
905047460;15/11/2021;70.22Z;19;2021-11-10T09:04:29;12;;RUE DE BEVANGE;57270;RICHEMONT;57582;1030
905350716;15/11/2021;82.30Z;15;2021-11-19T13:35:39;47;RUE;DE LA REPUBLIQUE;85580;GRUES;85104;2970
905336160;15/11/2021;00.00Z;15;2021-11-20T03:51:05;77;RUE;DU ROCHER;75008;PARIS 8;75108;4332
905334520;15/11/2021;43.21A;12;2021-11-19T09:04:37;78;PL;D ITALIE;34080;MONTPELLIER;34172;2984
905277711;15/11/2021;70.21Z;16;2021-11-18T07:35:14;73;AV;GEORGES POMPIDOU;93320;LES PAVILLONS-SOUS-BOIS;93057;5184
905243507;16/11/2021;82.11Z;19;2021-11-18T09:40:14;33;RUE;HENRI BARBUSSE;59450;SIN-LE-NOBLE;59569;3733
905292447;15/11/2021;68.20B;18;2021-11-18T19:34:16;50;RUE;DU VILLAGE;70200;FROIDETERRE;70259;3187
905333274;15/11/2021;93.29Z;17;2021-11-19T08:52:16;2;ALL;BERNARD BLIER;57360;AMNEVILLE;57019;2924
905024949;15/11/2021;01.49Z;18;2021-11-10T03:42:49;311;BD;DU BELVEDERE;83440;MONTAUROUX;83081;661
905054136;15/11/2021;74.10Z;15;2021-11-10T09:55:28;5;RUE;DU STADE;17600;CORME-ROYAL;17120;1732
884039041;02/05/2020;47.11D;30;2021-11-10T10:09:42;;RUE;MAURICE SATINEAU;97122;BAIE-MAHAULT;97103;1554
905280632;15/11/2021;96.09Z;19;2021-11-18T08:33:36;29;AV;JEAN JAURES;66350;TOULOUGES;66213;2130
904975364;15/11/2021;43.22A;12;2021-11-08T17:23:09;2110;RTE;DU VAISSEAU;13420;GEMENOS;13042;2884
880970884;15/02/2020;74.30Z;24;2021-11-17T04:14:47;1;RUE;ANCIENNES FACULTES;21000;DIJON;21231;4940
905031936;15/11/2021;53.20Z;16;2021-11-10T03:42:05;1;RUE;ALBERT BARBIER;45100;ORLEANS;45234;545
905153367;15/11/2021;81.21Z;16;2021-11-17T10:25:34;48;RUE;PRINCIPALE;67920;SUNDHOUSE;67486;4131
904750395;15/11/2021;93.29Z;17;2021-11-19T10:07:55;4;RUE;RUE DES ARTISANS;40480;VIEUX-BOUCAU-LES-BAINS;40328;458
905289054;15/11/2021;68.20B;17;2021-11-19T09:47:04;60;RUE;FRANCOIS 1ER;75008;PARIS 8;75108;495
905316659;15/11/2021;74.10Z;10;2021-11-19T03:44:59;25;PL;LA FAYETTE;36000;CHATEAUROUX;36044;2514
902807668;23/06/2021;86.21Z;14;2021-11-09T11:32:40;;;RESIDENCE MANGROVE;97160;LE MOULE;97117;4139
904828365;15/11/2021;96.09Z;18;2021-11-03T14:36:05;20;RUE;DES PONTS;35120;DOL-DE-BRETAGNE;35095;2790
431520865;16/05/2000;45.40Z;38;2021-11-17T10:45:15;;;QUA L ECLUSE;83460;LES ARCS;83004;3109
905296810;15/11/2021;32.12Z;13;2021-11-18T11:25:29;1;;COT DU FOUR A CHAUX;76150;MAROMME;76410;2924
905280889;16/11/2021;62.01Z;15;2021-11-18T08:34:30;2;IMP;DES GENETS;19150;LAGUENNE-SUR-AVALOUZE;19101;4899
789680493;03/12/2012;68.20A;28;2021-11-20T03:51:52;4;RUE;SAINTE PERPETUE;30000;NIMES;30189;1152
905272092;16/11/2021;70.21Z;16;2021-11-18T03:59:57;13;RUE;DU BOIS TAILLIS;38610;GIERES;38179;3759
905321477;16/11/2021;68.20A;10;2021-11-19T04:07:03;9;RUE;DES VERGYS;74100;VILLE-LA-GRAND;74305;449
905195392;05/11/2021;53.20Z;14;2021-11-18T10:09:46;138;RUE;FELIX PYAT;13003;MARSEILLE 3;13203;4259
905154589;15/11/2021;62.02A;14;2021-11-18T03:36:35;25;;RUE DE LA HAUT;80260;MOLLIENS-AU-BOIS;80553;668
904721750;15/11/2021;96.09Z;19;2021-10-29T11:06:59;3;RUE;EDOUARD CHARTON;78000;VERSAILLES;78646;2760
753335975;01/09/2012;43.32A;45;2021-11-11T03:38:21;11;;LE PUITS PELLERIN;85480;THORIGNY;85291;2150
905270864;16/11/2021;85.51Z;10;2021-11-18T03:55:39;920;RTE;DE LYON;38540;VALENCIN;38519;2680
905164174;15/11/2021;81.21Z;13;2021-11-15T19:33:43;;;GRANGE FABARON;12270;LUNAC;12135;545
392417689;16/09/1993;71.20B;362;2021-11-17T10:24:27;110;BD;DE LA SALLE;45760;BOIGNY-SUR-BIONNE;45034;1011
905248902;15/11/2021;68.20B;17;2021-11-18T08:52:55;4;RUE;DE LA GUILLOTTE;77970;JOUY-LE-CHATEL;77239;2712
905348793;15/11/2021;41.10A;19;2021-11-21T03:52:04;7;RUE;DE MONTBOUTON;25230;DASLE;25196;2794
898540588;01/02/2021;96.09Z;24;2021-11-16T08:51:43;18;IMP;JEAN JAURES;40140;MAGESCQ;40168;4950
905096905;15/11/2021;46.19B;13;2021-11-13T03:42:23;8;RUE;DE L EUROPE;45200;MONTARGIS;45208;5023
904769791;15/11/2021;96.09Z;16;2021-11-02T11:29:17;1;BD;DE LA FOSSE 9;62149;ANNEQUIN;62034;279
904960143;15/11/2021;85.59B;17;2021-11-10T09:03:40;8;RUE;ABEL;75012;PARIS 12;75112;4845
814344768;28/10/2015;47.89Z;35;2021-11-17T04:01:46;1;RUE;DES OLIVADES;84150;JONQUIERES;84056;917
904806791;15/11/2021;47.91B;11;2021-11-06T12:58:41;;;CAP MAY 4 APPT 1;97600;KOUNGOU;97610;120
904898251;15/11/2021;74.10Z;15;2021-11-05T08:42:22;14;QUAI;ARLOING;69009;LYON 9EME;69389;3352
904558616;15/11/2021;45.40Z;10;2021-10-26T08:41:49;13;RTE;DU CARROIR;36120;ARDENTES;36005;1049
905161436;15/11/2021;00.00Z;19;2021-11-17T08:08:11;70;AV;ANATOLE FRANCE;93140;BONDY;93010;2635
904870300;15/11/2021;68.20A;12;2021-11-08T10:53:55;7;IMP;DE LA GRANDE BASTIDE;13009;MARSEILLE 9;13209;2645
905306007;15/11/2021;45.11Z;14;2021-11-19T09:42:35;16;RUE;DES POSTIERS;91610;BALLANCOURT-SUR-ESSONNE;91045;714
905059713;15/11/2021;96.09Z;16;2021-11-10T10:37:16;;;3 RUE DU CARLIT;66560;ORTAFFA;66129;1699
905197935;16/11/2021;00.00Z;18;2021-11-17T03:42:25;18;PL;DE LATTRE DE TASSIGNY;18370;CHATEAUMEILLANT;18057;1293
905245510;15/11/2021;68.20B;11;2021-11-18T10:24:03;3113;RTE;EDMOND DE ROTHSCHILD;74120;MEGEVE;74173;984
905296331;16/11/2021;68.20B;10;2021-11-19T09:13:04;2;RUE;PIERRE MASSARD;28700;LETHUIN;28207;558
905120945;15/11/2021;70.22Z;19;2021-11-15T08:34:21;20;AV;DE LA REPUBLIQUE;5100;BRIANCON;5023;1548
904972247;15/11/2021;47.91B;12;2021-11-10T09:14:09;257;CHE;DES ARBOUSIERS;6210;MANDELIEU-LA-NAPOULE;6079;3857
905005781;15/11/2021;81.21Z;18;2021-11-10T09:01:23;27;AV;VOLTAIRE;1210;FERNEY-VOLTAIRE;1160;512
905312104;15/11/2021;62.02A;11;2021-11-20T04:06:21;220;RUE;DU FBG ST ANTOINE;75012;PARIS 12;75112;3440
834718488;09/01/2018;46.51Z;10;2021-11-12T03:36:38;14;AV;JEAN PAUL SARTRE;59290;WASQUEHAL;59646;2192
905120119;15/11/2021;70.22Z;11;2021-11-15T08:32:14;3;IMP;ANDRE MALRAUX;41110;SAINT-AIGNAN;41198;4314
534873088;26/10/2011;47.89Z;31;2021-11-06T13:30:27;27;RUE;GUILLAUME OLIVIER;83460;LES ARCS;83004;283
905010625;15/11/2021;53.20Z;10;2021-11-12T03:32:57;123;RUE;D ANVERS;69007;LYON 7EME;69387;3375
905182812;15/11/2021;70.22Z;16;2021-11-16T09:01:21;14;RUE;CHARLES FOURIER;91000;EVRY-COURCOURONNES;91228;728
905187548;15/11/2021;66.30Z;11;2021-11-18T03:59:43;44;RUE;MONTMEJEAN;33100;BORDEAUX;33063;1510
905272373;16/11/2021;96.09Z;10;2021-11-18T04:00:34;12;PL;A BRIAND;95100;ARGENTEUIL;95018;4408
905249496;15/11/2021;68.20B;19;2021-11-18T10:21:21;;RUE;DES ILES;38420;DOMENE;38150;3494
905316329;16/11/2021;74.10Z;10;2021-11-19T03:42:58;6;VLA;DE SEGUR;75007;PARIS 7;75107;9
904916814;15/11/2021;85.60Z;18;2021-11-05T11:05:15;11;RUE;STEPHEN LIEGEARD;21160;COUCHEY;21200;99
904966355;15/11/2021;53.20Z;11;2021-11-09T08:44:18;26;RUE;DE LA FEDERATION;10120;SAINT-ANDRE-LES-VERGERS;10333;1518
905089520;15/11/2021;71.12B;19;2021-11-11T08:53:04;1033;AV;DU PERIGORD;47500;SAINT-FRONT-SUR-LEMANCE;47242;5120
905054748;15/11/2021;81.21Z;17;2021-11-15T11:36:10;108;RUE;JACQUES PREVERT;30310;VERGEZE;30344;3796
905214250;15/11/2021;70.22Z;11;2021-11-16T16:54:40;19;RUE;F ET R GUIDICELLI;13007;MARSEILLE 7;13207;974
905088381;15/11/2021;68.31Z;17;2021-11-11T08:48:58;13;RUE;JEAN JACQUES PRADIER;66000;PERPIGNAN;66136;1362
905026605;16/11/2021;56.30Z;14;2021-11-12T03:35:38;38;RUE;DU PRINTEMPS;31000;TOULOUSE;31555;3391
814647731;15/08/2015;68.31Z;29;2021-11-20T03:39:52;4;CHE;DU FONT DE GALLOU;6110;LE CANNET;6030;3011
849185343;25/03/2019;53.20Z;27;2021-11-17T14:55:19;66;RUE;DE LA PREFECTURE;21000;DIJON;21231;2231
904676103;15/11/2021;47.22Z;16;2021-11-18T08:34:31;12;RUE;MOLIERE;2850;TRELOU-SUR-MARNE;2748;1925
905201018;16/11/2021;45.11Z;17;2021-11-17T04:13:29;11;RUE;DU MILIEU;64270;BELLOCQ;64108;376
904995784;15/11/2021;95.11Z;17;2021-11-09T09:03:46;83;RUE;RAYMOND LAVIGNE;33100;BORDEAUX;33063;4445
905202156;16/11/2021;46.19B;14;2021-11-17T03:55:13;9;AV;DE VERSAILLES;14230;ISIGNY-SUR-MER;14342;1215
905364923;15/11/2021;69.10Z;11;2021-11-20T08:33:52;154;CRS;LAFAYETTE;69003;LYON 3EME;69383;1081
904994662;15/11/2021;96.09Z;16;2021-11-09T09:00:34;57;RUE;BOURGNEUF;64100;BAYONNE;64102;4876
905274692;16/11/2021;69.10Z;11;2021-11-18T04:08:18;11;BD;DE SEBASTOPOL;75001;PARIS 1;75101;515
905174017;15/11/2021;68.20B;12;2021-11-16T11:35:44;42;IMP;DES LUCQUES;34500;BEZIERS;34032;4634
905293072;15/11/2021;70.21Z;13;2021-11-18T10:37:16;39;RUE;DE CALAIS;95100;ARGENTEUIL;95018;2013
905153474;15/11/2021;96.02B;10;2021-11-16T03:51:11;37;RUE;LE PAYS HAUT;83170;ROUGIERS;83110;1999
905229498;16/11/2021;47.78A;19;2021-11-19T03:52:51;34;RUE;DU REMPART ST ETIENNE;31000;TOULOUSE;31555;1408
905230488;15/11/2021;56.10C;17;2021-11-17T08:19:03;38;CHE;23;97438;SAINTE-MARIE;97418;4042
905236006;15/11/2021;64.20Z;11;2021-11-18T08:42:18;1;RUE;BANDLERITTY;68128;VILLAGE-NEUF;68349;4743
905208161;16/11/2021;68.20B;18;2021-11-17T10:25:55;25;RUE;MONTEBELLO;78000;VERSAILLES;78646;2038
905274007;15/11/2021;00.00Z;12;2021-11-19T07:53:46;28;RUE;DE VENISE;75004;PARIS 4;75104;4023
905013744;01/11/2021;43.33Z;24;2021-11-17T08:30:30;27;RUE;DE ROMAINVILLE;93100;MONTREUIL;93048;2258
905046355;16/11/2021;59.12Z;12;2021-11-10T09:00:59;13;RUE;DES RECOLLETS;75010;PARIS 10;75110;4928
904422433;15/11/2021;66.19B;14;2021-10-21T09:04:35;2;RUE;DU PARC A L EAU;44600;SAINT-NAZAIRE;44184;1894
904760097;14/10/2021;53.20Z;17;2021-11-17T15:55:56;17;RUE;LAVOISIER;94230;CACHAN;94016;2299
905115283;15/11/2021;33.19Z;12;2021-11-15T06:27:12;62;RUE;ADRIEN LAGOURGUE;97424;SAINT-LEU;97413;118
384007498;06/01/1992;56.10C;72;2021-11-09T09:01:34;208;BD;LAFAYETTE;34400;LUNEL;34145;2235
905157780;15/11/2021;47.91B;16;2021-11-16T03:48:37;106;RUE;D ARROUSETS;64100;BAYONNE;64102;1022
905175717;15/11/2021;66.19B;16;2021-11-16T08:43:01;;RUE;DE JAVEL;75015;PARIS 15;75115;520
751943051;06/04/2012;96.09Z;27;2021-11-19T03:46:35;78;AV;CARNOT;11100;NARBONNE;11262;1795
905236998;15/11/2021;90.03A;19;2021-11-17T08:54:02;6;RUE;JULES VALLES;75011;PARIS 11;75111;128
904174968;15/11/2021;01.24Z;19;2021-11-16T15:27:38;;LD;SIEURAC;47220;ASTAFFORT;47015;4838
905215083;16/11/2021;53.20Z;15;2021-11-17T03:38:06;14;RUE;MONSEIGNEUR MORELLE;22000;SAINT-BRIEUC;22278;742
905218301;16/11/2021;53.20Z;18;2021-11-17T03:52:11;21;QUAI;DE JUILLET;14000;CAEN;14118;2246
905291787;15/11/2021;64.20Z;18;2021-11-19T13:43:36;19;RUE;DE SOMMEPY;51600;SAINT-HILAIRE-LE-GRAND;51486;2808
905209672;15/11/2021;62.01Z;13;2021-11-16T15:05:14;;RUE;EDGAR QUINET;13015;MARSEILLE 15;13215;654
905303657;15/11/2021;68.31Z;19;2021-11-19T03:57:14;16;ALL;JEAN ROSTAND;44470;CARQUEFOU;44026;4441
904987450;15/11/2021;70.22Z;15;2021-11-09T08:39:54;17;RUE;VILLIERS DE L ISLE ADAM;60000;BEAUVAIS;60057;2951
905276275;16/11/2021;96.09Z;13;2021-11-18T04:15:20;490;RTE;DE TOULOUSE;31620;FRONTON;31202;1316
905253456;15/11/2021;00.00Z;16;2021-11-19T09:35:33;51;AV;DE LA REPUBLIQUE;69370;SAINT DIDIER AU MONT D'OR;69194;1570
899007819;28/04/2021;56.10C;19;2021-11-16T08:35:07;1;AV;D'ARGELIERS;34570;MONTARNAUD;34163;4359
905282547;16/11/2021;96.09Z;17;2021-11-18T08:38:43;16;RUE;DES SYMPHONIDES;13500;MARTIGUES;13056;2394
845363654;23/01/2019;53.20Z;37;2021-11-17T03:54:43;30;RUE;DE KERELIE;29200;BREST;29019;2544
905213781;15/11/2021;43.99C;16;2021-11-16T16:34:56;11;RUE;BORDE;13008;MARSEILLE 8;13208;3211
905274122;15/11/2021;62.02A;19;2021-11-19T04:14:39;5;RUE;MATHURIN REGNIER;75015;PARIS 15;75115;3126
905305454;15/11/2021;82.99Z;19;2021-11-18T13:56:31;6989;AV;CHRISTOPHE COLOMB;97320;SAINT-LAURENT-DU-MARONI;97311;2308
510472053;01/03/2009;49.41A;22;2021-11-17T11:11:01;10;RTE;DE LA CHARTREUSE;43700;LE MONTEIL;43140;1933
905227427;15/11/2021;68.20B;10;2021-11-18T08:37:28;6;IMP;DE PALLAS;31770;COLOMIERS;31149;4707
905296463;15/11/2021;96.09Z;11;2021-11-18T11:21:47;24;AV;LOUIS PASTEUR;97300;CAYENNE;97302;4618
905296505;15/11/2021;85.60Z;19;2021-11-18T11:22:06;1;RUE;DU MALVOISIE;66380;PIA;66141;1916
892777715;17/12/2020;68.31Z;12;2021-11-18T10:34:43;2;RUE;CESAR;77600;BUSSY-SAINT-GEORGES;77058;2929
752593830;04/05/2005;94.99Z;33;2021-11-16T15:30:30;9;RUE;DES VERGERS;57400;SARRALTROFF;57629;1533
904954989;15/11/2021;47.91B;11;2021-11-11T08:58:27;27;AV;DU CANIGOU;66560;ORTAFFA;66129;1594
904252855;15/11/2021;10.71D;13;2021-10-22T09:25:36;22;CHE;DE BOIS ROUGE;97490;SAINT-DENIS;97411;416
905282968;16/11/2021;74.10Z;15;2021-11-18T08:39:43;;;MAS GUILLAUMAND;30170;POMPIGNAN;30200;3418
905316865;15/11/2021;69.10Z;13;2021-11-19T03:45:35;242;BD;SAINT GERMAIN;75007;PARIS 7;75107;456
904993011;16/11/2021;69.10Z;17;2021-11-09T08:55:32;31;AV;JACQUES CARTIER;76100;ROUEN;76540;1834
517409389;21/09/2009;86.90D;23;2021-11-17T08:36:00;9;RUE;DES ACANTHES;11100;NARBONNE;11262;1359
540006970;01/03/2012;56.10C;29;2021-11-19T15:31:23;65;RUE;DES HIRONDELLES;29000;QUIMPER;29232;4414
429818065;27/01/2000;86.90E;89;2021-11-06T14:24:47;1;RUE;DES JARDINS;57685;AUGNY;57039;4289
517950986;02/11/2009;90.03A;29;2021-11-18T09:47:09;18;RUE;JOSEPH BARA;93230;ROMAINVILLE;93063;1537
905154340;15/11/2021;96.02B;12;2021-11-16T08:47:27;123;;PISTE FORESTIERE;33980;AUDENGE;33019;3998
905248225;15/11/2021;85.59B;13;2021-11-18T14:21:06;46;IMP;DES CHENES VERTS;83136;ROCBARON;83106;2312
511071409;01/04/2009;96.02B;37;2021-11-17T14:35:11;40;PL;DU 19 MARS 1962;71500;BRANGES;71056;875
905098737;15/11/2021;66.19B;18;2021-11-14T03:35:33;5;RUE;DU CHATEAU;25300;CHAFFOIS;25110;5084
905065280;15/11/2021;53.20Z;18;2021-11-17T04:00:41;9;SQ;DE LA BIEVRE;91300;MASSY;91377;665
904869294;15/11/2021;43.21A;10;2021-11-05T07:01:27;9;RTE;DE ST SAUVEUR;30500;SAINT-BRES;30237;3356
809528151;11/02/2015;47.75Z;16;2021-11-08T13:05:52;;CHE;DES MALANGAS LAUREAL;97160;LE MOULE;97117;3252
883604712;11/05/2020;74.20Z;25;2021-11-16T08:44:56;71;;LES QUESRIS;35480;GUIPRY-MESSAC;35176;2716
905287447;15/11/2021;68.20B;15;2021-11-19T04:05:21;23;HAM;DES ACACIAS;59170;CROIX;59163;2142
905186482;15/11/2021;68.20A;14;2021-11-16T09:24:31;4;RUE;DE LA REPUBLIQUE;66400;CERET;66049;1350
904424686;15/11/2021;96.02B;15;2021-10-21T09:08:47;59;RUE;ARCHIMEDE;59100;ROUBAIX;59512;3028
905001111;15/11/2021;79.90Z;12;2021-11-09T09:54:47;11;;LOTISSEMENT LE CLOS TOLOSAN;31220;MARTRES-TOLOSANE;31324;324
905334199;15/11/2021;45.11Z;15;2021-11-19T09:05:05;;;LE SIOUDRAY;36160;URCIERS;36227;4210
905101812;15/11/2021;43.21A;14;2021-11-15T18:22:33;141;AV;JEAN JAURES;75019;PARIS 19;75119;1152
905330494;15/11/2021;70.22Z;14;2021-11-19T08:37:50;105;RUE;DU HAUT PRESSOIR;49000;ANGERS;49007;577
905162921;15/11/2021;66.30Z;19;2021-11-17T03:51:25;755;CHE;DES MEINAJARIES;84140;AVIGNON;84007;685
842627861;24/09/2018;69.10Z;29;2021-11-19T03:54:20;69;AV;VICTOR HUGO;75116;PARIS 16;75116;1372
904834272;15/11/2021;96.09Z;18;2021-11-03T17:06:20;1511;CHE;HUGUES BERENGUIER;6610;LA GAUDE;6065;2922
335355152;15/04/1986;47.29Z;109;2021-10-27T08:31:14;38;RUE;DU GENERAL DE LANGLE DE CARY;56620;PONT-SCORFF;56179;2368
905352159;16/11/2021;46.41Z;16;2021-11-19T14:04:42;9;ALL;DES QUATRE LEJEUNE;29000;QUIMPER;29232;4327
905027140;15/11/2021;68.20B;11;2021-11-10T10:00:41;;;GOUTTEFAVIER ;63590;TOURS-SUR-MEYMONT;63434;2267
812177699;01/07/2015;86.90E;46;2021-11-19T04:07:21;5;RUE;DE LA SOIE;5100;BRIANCON;5023;4474
904992187;16/11/2021;69.10Z;16;2021-11-09T08:53:36;104;CHE;DE CLERES;76230;BOIS-GUILLAUME;76108;2586
904628138;15/11/2021;47.71Z;11;2021-10-30T08:48:57;79;RUE;D ISLE;2100;SAINT-QUENTIN;2691;4539
904742699;15/11/2021;70.22Z;13;2021-11-01T03:32:08;3;RUE;DES LACS;91350;GRIGNY;91286;3897
839267002;09/03/2018;35.11Z;47;2021-11-19T03:55:54;4;ALL;DU PARMELAN;74370;EPAGNY METZ-TESSY;74112;4410
904906690;15/11/2021;68.31Z;14;2021-11-08T14:59:28;33;IMP;DES GLAIEULS;83136;FORCALQUEIRET;83059;688
889095238;18/09/2020;74.10Z;24;2021-11-18T08:37:52;;RUE;GRANDE;6420;VALDEBLORE;6153;1218
905315321;16/11/2021;96.02A;18;2021-11-19T03:37:24;10;RUE;DU DOCTEUR FINLAY;75015;PARIS 15;75115;3540
831675533;04/09/2017;70.21Z;36;2021-11-18T15:07:44;30;RUE;DES BOULETS;75011;PARIS 11;75111;2157
905331344;15/11/2021;82.11Z;10;2021-11-19T08:39:31;51;RUE;TARTIFUME;44150;ANCENIS-SAINT-GEREON;44003;614
905258950;15/11/2021;35.13Z;13;2021-11-17T14:49:08;31;AV;FOCH;94100;SAINT-MAUR-DES-FOSSES;94068;2014
905255428;16/11/2021;68.20A;13;2021-11-18T11:48:19;;;LE CHAMP PAUMELLE ;22630;SAINT-JUVAT;22308;4039
905171831;16/11/2021;00.00Z;19;2021-11-16T19:33:31;49;RUE;DU SEIGNEUR HAROUM;6500;SAINTE-AGNES;6113;30
904510955;15/11/2021;62.01Z;19;2021-10-25T03:43:28;104;AV;MARECHAL JOFFRE;94120;FONTENAY-SOUS-BOIS;94033;1164
904946811;15/11/2021;74.10Z;18;2021-11-08T08:33:35;24;AV;DES COTEAUX;6400;CANNES;6029;3730
753199561;01/07/2012;43.32A;30;2021-11-16T15:37:27;3;ALL;DES GRIVES;33600;PESSAC;33318;4212
905198016;15/11/2021;81.21Z;16;2021-11-17T08:38:52;7;RUE;DU BOIS;68740;NAMBSHEIM;68230;729
905096202;15/11/2021;02.20Z;15;2021-11-15T09:43:07;2;RUE;DE LA CHALETTE;88170;AROFFE;88013;1294
905181418;16/11/2021;93.19Z;13;2021-11-18T09:05:05;1278;CHE;DE TOUTERIVE;24100;BERGERAC;24037;2346
853826741;02/09/2019;45.20A;29;2021-11-17T04:01:51;213;AV;DES CHARTREUX;13004;MARSEILLE 4;13204;3131
904850773;15/11/2021;85.59B;14;2021-11-04T08:52:25;1;RTE;DE REVEL;31400;TOULOUSE;31555;3308
842457491;13/09/2018;86.90E;46;2021-11-08T03:33:25;10;AV;DU 29 AOUT 1944;51430;TINQUEUX;51573;135
505650069;01/01/1956;45.11Z;14;2021-10-27T08:10:40;;RTE;DEPARTEMENTALE 606;89200;AVALLON;89025;2558
905281291;15/11/2021;46.19B;13;2021-11-19T09:17:34;27;BD;D'ARRAS;13004;MARSEILLE 4;13204;4630
905241741;15/11/2021;68.20B;16;2021-11-18T08:40:04;26;AV;DE LA BADINE;83400;HYERES;83069;4233
905232351;15/11/2021;47.91A;15;2021-11-17T08:35:41;34;BD;CHAILLEUX;35170;BRUZ;35047;338
904693546;15/11/2021;53.20Z;15;2021-10-29T03:34:04;18;AV;DU GENERAL DE GAULLE;2400;ESSOMES-SUR-MARNE;2290;1013
905127700;15/11/2021;93.29Z;11;2021-11-15T09:26:35;61;RUE;DES PETITES FERMES;67200;STRASBOURG;67482;2113
905299749;15/11/2021;43.34Z;10;2021-11-19T09:14:14;60;RUE;FRANCOIS 1ER;75008;PARIS 8;75108;3612
905304952;16/11/2021;46.51Z;13;2021-11-20T03:40:43;1;PL;FIRMIN GAUTIER;38000;GRENOBLE;38185;4188
905305512;15/11/2021;66.30Z;14;2021-11-20T03:50:44;51;CRS;FRANKLIN ROOSEVELT;69006;LYON 6EME;69386;60
905168167;16/11/2021;43.34Z;13;2021-11-16T03:49:57;70;RUE;DE ROME;17000;LA ROCHELLE;17300;3563
905212171;16/11/2021;53.20Z;11;2021-11-18T03:58:22;19;AV;DE VIENNE;17000;LA ROCHELLE;17300;5275
905009437;15/11/2021;58.13Z;13;2021-11-09T11:22:57;17;RUE;GUILLAUME LE CONQUERANT;61430;ATHIS-VAL DE ROUVRE;61007;4675
905204434;15/11/2021;68.20B;13;2021-11-17T03:53:03;20;AV;DU CHATEAU ROUGE;59700;MARCQ-EN-BAROEUL;59378;5059
837685817;22/02/2018;71.12B;20;2021-11-11T08:46:13;53;RUE;CLAUDE TERRASSE;75016;PARIS 16;75116;2082
905143145;15/11/2021;47.89Z;19;2021-11-16T14:11:08;2;RUE;DANTON;92120;MONTROUGE;92049;4216
905170668;15/11/2021;96.09Z;16;2021-11-17T10:18:16;17;RUE;DU CHEMIN DE FER;93500;PANTIN;93055;5307
830396446;02/06/2017;87.30A;23;2021-11-05T13:53:40;17;RUE;NIEL;63100;CLERMONT-FERRAND;63113;4362
823193735;18/10/2016;68.20A;29;2021-11-17T19:34:48;73;RUE;DE LA POSTE;36000;CHATEAUROUX;36044;3762
905171963;16/11/2021;43.11Z;10;2021-11-17T04:10:15;2;RUE;COYSEVOX;69001;LYON 1ER;69381;3553
488954975;01/04/2006;74.10Z;30;2021-11-16T08:39:50;20;RUE;HENRI BAIGUE;25000;BESANCON;25056;897
905329421;15/11/2021;71.12B;10;2021-11-19T08:35:25;11;RUE;JEAN ZAY;69800;SAINT-PRIEST;69290;5204
904914884;15/11/2021;13.99Z;13;2021-11-05T10:41:34;15;IMP;DES QUATRE SAISONS;38500;VOIRON;38563;1217
905281929;16/11/2021;70.22Z;18;2021-11-18T08:37:15;68;CHE;DE SAINT JOSEPH;83560;SAINT-JULIEN;83113;852
905307906;15/11/2021;81.30Z;16;2021-11-19T08:17:08;563;;LES QUATRE CHEMINS;33660;PORCHERES;33332;2714
905331336;15/11/2021;96.09Z;16;2021-11-19T08:39:30;3;RUE;DE LA BRIME;85750;ANGLES;85004;877
799287347;01/12/2013;62.02A;22;2021-11-17T04:12:58;40;RUE;DU BECHON;33290;BLANQUEFORT;33056;4473
905198743;16/11/2021;53.20Z;15;2021-11-17T04:19:29;19;RUE;RENE VACHE;33400;TALENCE;33522;3951
905167771;15/11/2021;43.22A;13;2021-11-16T03:48:48;9;TRA;DES ROSIERS;13014;MARSEILLE 14;13214;2806
905172938;15/11/2021;32.99Z;11;2021-11-16T08:35:34;103;RTE;DE MERICOURT;62420;BILLY-MONTIGNY;62133;638
904863768;15/11/2021;43.34Z;19;2021-11-08T10:55:39;79;AV;DE LA GRANDE ROCHE;85470;BRETIGNOLLES-SUR-MER;85035;851
905310363;15/11/2021;49.39B;15;2021-11-19T03:36:46;58;AV;DU LIEUTENANT FOUCAULT;91170;VIRY-CHATILLON;91687;3743
905234910;15/11/2021;26.60Z;16;2021-11-19T03:41:27;2040;RUE;DE L'AUSSONNELLE;31700;CORNEBARRIEU;31150;4719
905105151;15/11/2021;47.91B;13;2021-11-15T14:54:49;40;AV;GABRIEL PERI;91700;SAINTE-GENEVIEVE-DES-BOIS;91549;4488
904571312;15/11/2021;74.90B;19;2021-10-26T09:29:05;138;RUE;ROGER FRISON ROCHE;62100;CALAIS;62193;3433
905246922;15/11/2021;70.22Z;17;2021-11-17T10:30:17;49;BD;DU GENERAL DE GAULLE;59100;ROUBAIX;59512;3092
905282299;15/11/2021;70.21Z;15;2021-11-18T08:38:09;5;ALL;DES MYOSOTIS;92150;SURESNES;92073;709
905232682;15/11/2021;43.99C;13;2021-11-17T08:35:10;37;BD;DUBOUCHAGE;6000;NICE;6088;836
905229381;16/11/2021;00.00Z;17;2021-11-19T10:53:17;5;;VOIE HEMERA;31190;AUTERIVE;31033;1532
905306395;16/11/2021;53.20Z;13;2021-11-20T03:50:32;10;RUE;DU BORDELAIS;95100;ARGENTEUIL;95018;2760
904996766;15/11/2021;47.89Z;13;2021-11-09T09:06:09;7;HAM;KERSEOC;29120;TREMEOC;29296;1311
904964301;15/11/2021;81.21Z;17;2021-11-08T11:27:37;70;RUE;DU LEAT;38570;LE CHEYLAS;38100;1825
905071247;15/11/2021;68.20B;19;2021-11-15T08:50:52;13;RUE;D'ALGERIE;69001;LYON 1ER;69381;3735
502375421;03/03/2008;96.02B;34;2021-11-15T09:05:55;1675;RTE;DE GARONNE;47130;MONTESQUIEU;47186;5315
905132536;15/11/2021;49.32Z;12;2021-11-16T19:33:36;12;RUE;DE CHAMPAGNE;95200;SARCELLES;95585;836
905159943;16/11/2021;53.20Z;18;2021-11-17T03:57:38;9;AV;HENRI BARBUSSE;93120;LA COURNEUVE;93027;1230
905267068;16/11/2021;62.01Z;13;2021-11-18T03:39:34;37;RUE;KARL MARX;94500;CHAMPIGNY-SUR-MARNE;94017;3245
905281267;15/11/2021;43.99C;13;2021-11-18T08:35:30;4;RUE;DE LA REPUBLIQUE;69001;LYON 1ER;69381;4837
905171484;15/11/2021;85.59A;17;2021-11-18T13:46:13;68;RUE;DU PATRIMOINE;97440;SAINT-ANDRE;97409;2484
798661393;20/11/2013;17.29Z;24;2021-11-06T13:21:43;10;RUE;LEON DE MALEVILLE;82000;MONTAUBAN;82121;3925
905022844;15/11/2021;45.11Z;13;2021-11-10T03:36:06;477;RUE;DES VILLARDS;69220;BELLEVILLE-EN-BEAUJOLAIS;69019;2528
904903309;16/11/2021;86.90E;14;2021-11-05T08:56:50;3;RUE;MORILLON;92110;CLICHY;92024;3137
905196010;15/11/2021;85.59B;11;2021-11-16T11:12:58;1416;RTE;DE FINDROL;74250;PEILLONNEX;74209;1205
904174968;15/11/2021;01.24Z;19;2021-11-16T15:27:38;;LD;SIEURAC;47220;ASTAFFORT;47015;2656
905248464;16/11/2021;81.21Z;18;2021-11-17T10:49:41;5;ALL;DE LA CAVEE;77910;VARREDDES;77483;5276
905124558;15/11/2021;96.09Z;16;2021-11-15T08:58:33;;PL;FONTAINE VEDEL;34120;PEZENAS;34199;4626
905164497;15/11/2021;53.20Z;18;2021-11-15T19:34:36;58;LOT;LES LILAS;97440;SAINT-ANDRE;97409;1219
905338562;15/11/2021;96.09Z;10;2021-11-19T09:37:06;;RUE;COUTHON;86000;POITIERS;86194;1971
905199709;16/11/2021;45.11Z;15;2021-11-17T09:07:21;12;RUE;SAINT EXUPERY;33810;AMBES;33004;2838
905361226;15/11/2021;68.20B;12;2021-11-20T03:47:48;8;ALL;DE SAINT JEAN;40280;BENQUET;40037;4724
893434365;26/01/2021;43.21A;27;2021-11-17T04:10:16;9;RUE;DU DOCTEUR ROUX;54130;SAINT-MAX;54482;2544
905173704;15/11/2021;82.30Z;16;2021-11-16T08:37:58;17;RUE;DE PARIS;60310;BEAULIEU-LES-FONTAINES;60053;3000
905359832;15/11/2021;43.99C;11;2021-11-20T03:36:10;9;;RTE DE LA CONDAMINE;11600;BAGNOLES;11025;2618
905062600;15/11/2021;47.91B;10;2021-11-15T10:31:43;3;RUE;DU SERGENT HURTEAU;95130;FRANCONVILLE;95252;1001
905294583;15/11/2021;85.51Z;18;2021-11-18T11:00:39;6;RUE;DES TAILLEURS;65500;CAIXON;65119;5243
485141741;15/11/2005;69.10Z;36;2021-11-16T22:48:23;11;AV;DE SUFFREN;75007;PARIS 7;75107;3447
904801560;15/11/2021;47.91B;15;2021-11-04T17:40:18;12;RUE;DU TERTRE;44780;MISSILLAC;44098;576
878536705;01/11/2019;86.90F;22;2021-11-17T04:08:21;1;RUE;JEAN ROCHEFORT;78750;MAREIL-MARLY;78367;375
529799264;22/11/2010;86.90D;21;2021-11-06T13:06:08;16;RUE;DES PIERRES;67700;HAEGEN;67179;4664
905094264;15/11/2021;62.01Z;17;2021-11-11T09:08:40;;HAM;LIEU DIT FALLOISE;2290;NOUVRON-VINGRE;2562;3979
885069153;22/04/2020;86.90F;25;2021-11-17T10:37:44;23;RUE;GRANDE RUE;39380;CHAMBLAY;39093;3659
905194494;15/11/2021;68.10Z;19;2021-11-18T03:58:44;28;RUE;DE LA BIEVRE;69140;RILLIEUX-LA-PAPE;69286;1787
905184479;15/11/2021;85.51Z;12;2021-11-16T09:05:26;10;RUE;DE L ECOLE POLYTECHNIQUE;75005;PARIS 5;75105;4673
905201265;15/11/2021;85.60Z;14;2021-11-16T12:07:07;170;RUE;D'ENFER;14130;SURVILLE;14682;1460
905239844;15/11/2021;43.99A;12;2021-11-18T14:33:36;;;;85310;NESMY;85160;430
905131140;15/11/2021;43.21A;14;2021-11-17T09:24:24;20;RUE;DENIS PAPIN;59280;ARMENTIERES;59017;1663
904530458;15/11/2021;62.03Z;10;2021-10-25T10:53:56;10;RUE;FREMENTEL;14000;CAEN;14118;1947
905217956;15/11/2021;00.00Z;10;2021-11-18T08:04:34;50;RUE;SAINT DIDIER;75116;PARIS 16;75116;3090
905241527;15/11/2021;01.13Z;19;2021-11-18T11:34:27;46;RTE;DE ROBION;84300;CAVAILLON;84035;4649
753609940;01/11/2012;85.53Z;14;2021-11-06T13:11:24;10;RUE;DE LA MAIRIE;10130;AUXON;10018;5025
904539186;15/11/2021;33.20A;18;2021-11-19T03:42:09;51;RUE;DU SORBIER;38510;SAINT-VICTOR-DE-MORESTEL;38465;423
905121596;15/11/2021;53.20Z;19;2021-11-15T08:35:36;;RUE;EDGAR QUINET;13015;MARSEILLE 15;13215;1108
905214912;16/11/2021;00.00Z;16;2021-11-16T19:32:08;11;AV;DU GEN DE GAULLE;40500;SAINT-SEVER;40282;2567
905318853;16/11/2021;69.10Z;17;2021-11-19T03:54:14;26;AV;KLEBER;75116;PARIS 16;75116;1684
540084613;27/02/2012;43.12A;20;2021-11-16T11:34:23;5;RUE;MICHEL PETRUCCIANI;57140;WOIPPY;57751;1847
904980430;15/11/2021;68.20A;14;2021-11-09T03:48:23;2;RUE;PIERRE JARRE;65110;CAUTERETS;65138;5137
484894621;01/07/2005;01.42Z;16;2021-11-19T19:34:26;9;RUE;DU CHATEAU D EAU;51800;ECLAIRES;51222;2284
904267325;15/11/2021;49.41B;10;2021-11-19T11:19:49;9;RUE;LOUIS PERGAUD;33150;CENON;33119;4483
905296919;16/11/2021;68.20B;12;2021-11-18T11:27:32;1;CHE;DE LA MAYRINE;31320;AUZEVILLE-TOLOSANE;31035;4561
905258463;16/11/2021;68.20B;17;2021-11-18T16:26:11;15;RTE;DE LIVRE;53400;ATHEE;53012;3062
905163515;15/11/2021;70.21Z;18;2021-11-15T18:35:17;290;RUE;DE CHARENTON;75012;PARIS 12;75112;5308
905239935;15/11/2021;68.20B;18;2021-11-18T04:12:57;77;RUE;DE L ALMA;35000;RENNES;35238;103
905328068;15/11/2021;01.21Z;10;2021-11-19T11:31:45;30;RUE;DE LA PETITE CHAMPAGNE;17520;SAINT-MARTIAL-SUR-NE;17364;1502
795314327;18/09/2013;85.51Z;29;2021-11-17T08:35:12;;RUE;FELIX FAURE;51150;BOUZY;51079;996
905298881;15/11/2021;47.91B;12;2021-11-19T10:24:54;9;QUA;BOIELDIEU;92800;PUTEAUX;92062;374
840082283;02/07/2018;86.90E;28;2021-11-16T08:42:35;3;IMP;DES MAGNANS;26300;BESAYES;26049;3724
808575088;11/12/2014;62.02B;14;2021-11-20T03:36:54;17;RUE;DE LA GUILLAUDERIE;44118;LA CHEVROLIERE;44041;579
849431143;01/03/2019;58.14Z;23;2021-11-18T03:48:03;3;RUE;ROSENWALD;75015;PARIS 15;75115;2811
904909264;15/11/2021;86.21Z;15;2021-11-05T09:37:51;115;RUE;DES COURONNERIES;86000;POITIERS;86194;722
905185856;15/11/2021;70.22Z;10;2021-11-16T09:17:59;9;RUE;DURAND;31200;TOULOUSE;31555;819
889744918;06/10/2020;62.01Z;26;2021-11-06T14:21:17;55;RUE;CUSTINE;75018;PARIS 18;75118;3275
904641511;15/11/2021;47.89Z;12;2021-10-27T15:49:08;40;RUE;DES AUBEPINES;26780;CHATEAUNEUF-DU-RHONE;26085;3994
905188926;15/11/2021;68.20A;18;2021-11-18T04:10:22;11;RUE;JEAN JAURES;59620;AULNOYE-AYMERIES;59033;4572
904676103;15/11/2021;47.22Z;16;2021-11-18T08:34:31;15;RUE;DE LYON;2370;VAILLY-SUR-AISNE;2758;5135
904879681;15/11/2021;81.21Z;16;2021-11-04T14:37:39;;;67 RUELLE DE BOIS ROLAND;73800;SAINT-PIERRE-DE-SOUCY;73276;1524
904992393;15/11/2021;62.02A;10;2021-11-09T08:53:51;63;RUE;MARCELIN KREBS;59260;LILLE;59350;4654
904980828;15/11/2021;56.10C;19;2021-11-09T03:49:15;1;;RTE DES BRUYERES;19800;SAINT-PRIEST-DE-GIMEL;19236;983
905181798;15/11/2021;96.04Z;18;2021-11-16T08:59:26;10;CHE;DES MOULINS;74110;MORZINE;74191;3948
905166336;15/11/2021;00.00Z;16;2021-11-16T03:41:25;90;PL;DU LUC;40400;TARTAS;40313;4214
905235271;15/11/2021;85.51Z;12;2021-11-17T08:41:19;43;RUE;DE GENEVE;16000;ANGOULEME;16015;272
528275829;11/11/2010;43.22A;26;2021-11-17T04:08:36;;RUE;DES CHRYSALIDES;97354;REMIRE-MONTJOLY;97309;3453
905345484;15/11/2021;53.20Z;18;2021-11-19T11:03:05;5;AV;DU SQUARE DU VAL D OR;6220;VALLAURIS;6155;457
905292397;16/11/2021;68.20B;15;2021-11-18T10:26:31;17;RUE;GRANGE DU COLLEGE;25000;BESANCON;25056;2126
901953778;29/07/2021;47.76Z;23;2021-11-19T03:55:38;3;RUE;LO PILO;66530;CLAIRA;66050;1521
904449485;15/11/2021;43.21A;13;2021-10-22T09:44:12;157;RUE;DIDEROT;94500;CHAMPIGNY-SUR-MARNE;94017;4299
905148821;15/11/2021;68.31Z;10;2021-11-16T03:39:32;10;RUE;DU LATANIER;97232;LE LAMENTIN;97213;405
494940976;15/04/2007;23.41Z;25;2021-11-17T04:02:22;6;RUE;HAUTE;21910;SAULON-LA-RUE;21586;3496
905286241;15/11/2021;47.11B;13;2021-11-19T13:05:15;53;;GRAND RUE;88330;DAMAS-AUX-BOIS;88121;4939
904610060;15/11/2021;93.29Z;17;2021-10-27T08:57:39;2;HAM;FRETILLANGES;19290;SAINT-REMY;19238;4485
905268124;16/11/2021;47.99A;13;2021-11-18T03:44:11;15;RUE;D ESPAGNE;71500;LOUHANS;71263;5127
905233532;15/11/2021;74.10Z;19;2021-11-17T08:37:14;2;RUE;ILE DE BATZ;29140;SAINT-YVI;29272;853
905147831;16/11/2021;68.31Z;10;2021-11-16T11:36:13;67;RUE;DE CREQUI;69006;LYON 6EME;69386;3190
905168837;15/11/2021;68.20B;11;2021-11-16T03:51:38;64;BD;ALEXANDRE 1ER;79300;BRESSUIRE;79049;1170
752598037;01/08/2012;85.59B;48;2021-11-18T03:39:25;;;LIEU-DIT LARLENQUE;9700;SAVERDUN;9282;4133
905216826;16/11/2021;53.20Z;16;2021-11-17T03:40:35;13;RUE;DES RAZES;69320;FEYZIN;69276;4017
408769131;01/09/1996;46.52Z;25;2021-11-19T12:11:19;6;RUE;DE L'ATALANTE;14200;HEROUVILLE-SAINT-CLAIR;14327;2048
391975588;01/04/1993;70.22Z;57;2021-11-17T08:33:37;4;;PLACE DE L EGLISE;11170;CAUX-ET-SAUZENS;11084;4995
487982902;01/01/2006;74.20Z;24;2021-11-06T14:25:36;8;RTE;DE CHAMPAGNE;77210;SAMOREAU;77442;1683
905314159;15/11/2021;49.41B;13;2021-11-18T19:33:12;44;RUE;DANIELLE CASANOVA;93300;AUBERVILLIERS;93001;2411
905199147;15/11/2021;90.03B;18;2021-11-16T11:37:18;25;RUE;DE LA GUINGAUDERIE;19210;LUBERSAC;19121;4510
905131512;16/11/2021;70.22Z;14;2021-11-18T03:46:15;2;RUE;DU VALLARD;80800;VILLERS-BRETONNEUX;80799;4201
905213153;15/11/2021;41.10D;18;2021-11-17T04:01:25;41;AV;DES TERNES;75017;PARIS 17;75117;1012
905152617;15/11/2021;56.10A;15;2021-11-15T14:02:50;1;RUE;DU CHATEAU;31190;MAUVAISIN;31332;3546
905127973;15/11/2021;96.09Z;14;2021-11-16T12:41:11;13;RUE;D ALSACE;92300;LEVALLOIS-PERRET;92044;4783
905039558;15/11/2021;70.21Z;10;2021-11-10T08:40:24;5;RUE;DU LIEUTENANT SAMBAIN;21380;MESSIGNY-ET-VANTOUX;21408;3322
905234415;15/11/2021;88.99B;16;2021-11-17T08:39:16;2;RUE;DES EMAILLERIES;67800;HOENHEIM;67204;3792
850940123;02/05/2019;58.14Z;27;2021-11-18T08:33:14;11;RUE;DES HANNETONS;47500;MONTAYRAL;47185;1951
905090601;15/11/2021;56.21Z;14;2021-11-11T08:57:08;12;RUE;NEIL ARMSTRONG;14100;LISIEUX;14366;746
905225678;15/11/2021;74.20Z;10;2021-11-17T04:17:59;112;AV;DE LA REPUBLIQUE;94700;MAISONS-ALFORT;94046;74
905312666;15/11/2021;68.20B;19;2021-11-19T04:00:06;16;RUE;DES MARAIS;44510;LE POULIGUEN;44135;3922
905104832;15/11/2021;53.20Z;19;2021-11-14T03:34:02;14;RUE;PARMENTIER;59199;HERGNIES;59301;2425
905171369;15/11/2021;81.21Z;10;2021-11-16T08:09:33;1;BD;DE L AYROLLE;12100;MILLAU;12145;4993
905276382;16/11/2021;70.22Z;17;2021-11-18T04:15:33;38;RUE;ORFILA;75020;PARIS 20;75120;4426
905276028;16/11/2021;49.32Z;16;2021-11-18T04:14:33;82;AV;DES MARTYRS CHATEAUBRIANT;93700;DRANCY;93029;1295
905224424;16/11/2021;70.22Z;10;2021-11-17T04:15:06;16;PAS;DE L INDUSTRIE;75010;PARIS 10;75110;1516
905183968;15/11/2021;00.00Z;15;2021-11-16T09:04:16;240;;AVENUE D'ALBRET;40370;RION-DES-LANDES;40243;5260
904784089;15/11/2021;43.22B;16;2021-11-03T09:49:29;4;RUE;DE LA POSTE;11200;CRUSCADES;11111;1380
905289302;16/11/2021;43.21A;10;2021-11-18T09:47:27;200;RUE;LEON BLUM;69100;VILLEURBANNE;69266;4663
905227443;15/11/2021;43.21A;17;2021-11-18T09:03:03;31;RUE;AMBROISE CROIZAT;93700;DRANCY;93029;4790
905291589;15/11/2021;77.39Z;18;2021-11-19T10:36:30;;;ZAC ETANG Z ABRICOT;97200;FORT-DE-FRANCE;97209;1218
905154449;15/11/2021;53.20Z;11;2021-11-16T03:38:25;14;RUE;PABLO PICASSO;62100;CALAIS;62193;4147
905265104;15/11/2021;70.22Z;18;2021-11-18T03:50:43;10;AV;M RAMOLFO GARNIER;91300;MASSY;91377;3472
905272050;15/11/2021;70.21Z;14;2021-11-18T03:59:53;372;RTE;DE LA CROIX DE CHORRE;38950;QUAIX-EN-CHARTREUSE;38328;3499
905164810;15/11/2021;56.10C;12;2021-11-16T03:33:28;12;RUE;MADAME DE SENONNES;53390;SAINT-AIGNAN-SUR-ROE;53197;3173
905211827;15/11/2021;16.29Z;19;2021-11-16T15:48:38;;;INDUSTRIESTRASSE 30;;;;3666
905338430;15/11/2021;96.02B;10;2021-11-19T09:36:03;;;LD PERNICAGGIO;20167;SARROLA-CARCOPINO;2A271;586
905305736;16/11/2021;64.20Z;19;2021-11-20T03:43:40;13;CHE;DU MOULIN D ARCHE;69450;SAINT CYR AU MONT D'OR;69191;521
905152575;15/11/2021;55.20Z;15;2021-11-16T07:53:36;8;;PLACE DU PAQUIS;8150;SORMONNE;8429;5073
898417514;01/05/2021;53.20Z;20;2021-11-16T09:02:19;4;RUE;SOLFERINO;24000;PERIGUEUX;24322;4086
903904605;15/09/2021;56.10C;16;2021-11-17T04:05:53;2;RTE;DE VERNEUIL;78510;TRIEL-SUR-SEINE;78624;3541
905345567;16/11/2021;68.20B;10;2021-11-20T08:32:58;457;IMP;DE LATUBADOU;30720;RIBAUTE-LES-TAVERNES;30214;1726
905231957;15/11/2021;74.30Z;10;2021-11-17T08:33:36;8;QUAI;D'ALSACE;11100;NARBONNE;11262;2502
905230884;16/11/2021;96.02B;17;2021-11-17T08:24:24;22;RUE;DES MOURGUES;13380;PLAN-DE-CUQUES;13075;1502
905271094;16/11/2021;70.22Z;13;2021-11-18T03:56:07;5;RUE;RICHARD BYRD;78200;MANTES-LA-JOLIE;78361;1102
803383264;07/07/2014;68.20B;22;2021-11-17T08:38:43;100;AV;DU SOLEIL;83160;LA VALETTE-DU-VAR;83144;1361
831513122;16/08/2017;86.90E;26;2021-10-29T08:34:14;1;PL;DE LA MAIRIE;11220;VAL-DE-DAGNE;11251;1865
905357794;15/11/2021;46.19B;15;2021-11-20T03:49:11;5;ALL;LOUIS JOUVET;77200;TORCY;77468;2500
513517904;01/07/2009;47.91A;35;2021-11-19T11:41:27;335;BD;DES CIGALES;13600;LA CIOTAT;13028;5010
905111324;15/11/2021;70.22Z;18;2021-11-15T03:33:57;12;AV;CLAUDE VELLEFAUX;75010;PARIS 10;75110;1048
905159349;15/11/2021;85.51Z;18;2021-11-16T03:40:54;509;RTE;DE FRONTIGNAN;32240;CASTEX D'ARMAGNAC;32087;4068
511595761;07/04/2009;86.90D;46;2021-11-16T08:42:33;7;RUE;DE LA LIBERTE;7200;LABEGUDE;7116;5144
904613031;15/11/2021;96.09Z;15;2021-10-27T09:03:29;6;RUE;DE LA TOUR GRISE;78200;MANTES-LA-JOLIE;78361;3288
905158929;15/11/2021;64.20Z;18;2021-11-17T03:57:30;67;RUE;DE LA MADELEINE;80500;ROLLOT;80678;2045
904635034;15/11/2021;56.10C;13;2021-10-29T03:57:00;1;PL;DU FALCOU;31770;COLOMIERS;31149;4125
851482547;01/06/2019;47.11B;29;2021-11-19T09:12:26;14;RUE;AMBROISE FLEURY;76000;ROUEN;76540;900
905248340;15/11/2021;96.02B;10;2021-11-17T10:48:21;41;RUE;DU FOULON;67500;HAGUENAU;67180;3357
905230488;15/11/2021;56.10C;17;2021-11-17T08:19:03;28;CHE;BEGUE;97438;SAINTE-MARIE;97418;1390
482433687;01/06/2005;74.90A;35;2021-11-16T08:59:23;20;CHE;DE LA TOURNETTE;74210;TALLOIRES-MONTMIN;74275;3567
904955333;15/11/2021;85.59B;11;2021-11-08T09:49:53;27;RUE;VICTOR HUGO;92230;GENNEVILLIERS;92036;4952
905162715;15/11/2021;43.33Z;15;2021-11-19T03:53:46;45;ALL;DE KERAMPIR COZ;29820;BOHARS;29011;5122
904869849;15/11/2021;81.21Z;11;2021-11-05T03:47:19;324;RTE;DE GRASSE;6600;ANTIBES;6004;3254
905300406;16/11/2021;56.21Z;14;2021-11-19T10:25:06;39;AV;MARCEAU;75116;PARIS 16;75116;2929
904986346;15/11/2021;53.20Z;16;2021-11-09T08:37:07;2;RUE;ERNEST SARRON;77410;CLAYE-SOUILLY;77118;1631
905172854;15/11/2021;43.99C;10;2021-11-16T08:35:11;621;RUE;DE BOMPLEIN;3160;COUZON;3090;2554
905162202;15/11/2021;68.20B;14;2021-11-17T13:19:09;;;;44260;LA CHAPELLE-LAUNAY;44033;1857
904759826;15/11/2021;45.11Z;12;2021-11-03T08:42:57;22;RUE;PIERRE GUYEZ;19520;CUBLAC;19066;4536
341910578;01/07/1987;47.71Z;119;2021-11-19T10:25:48;7;RUE;DES ECOLES;40200;MIMIZAN;40184;2652
905310983;15/11/2021;53.20Z;10;2021-11-20T04:06:04;14;RUE;D HAUBOURDIN;59200;TOURCOING;59599;3076
905246062;15/11/2021;68.20A;12;2021-11-20T04:06:34;27;AV;DU SAVOY;74400;CHAMONIX-MONT-BLANC;74056;4948
905236048;16/11/2021;74.90B;13;2021-11-17T08:46:52;6;RUE;GERMAINE TILLION;45140;INGRE;45169;4119
905110987;15/11/2021;74.10Z;13;2021-11-15T03:33:24;22;CRS;TOLSTOI;69100;VILLEURBANNE;69266;659
839984523;29/05/2018;85.42Z;36;2021-11-17T13:17:04;73;RUE;LAUGIER;75017;PARIS 17;75117;4986
387523095;01/05/1992;85.59B;33;2021-11-18T04:01:11;3;RUE;DES JARDINS;14640;VILLERS-SUR-MER;14754;5259
905154506;15/11/2021;33.12Z;18;2021-11-16T09:31:26;1;RUE;DES CARNUTES;45000;ORLEANS;45234;3959
905242400;15/11/2021;74.30Z;18;2021-11-17T09:42:45;1;RUE;DE LA BRISE;92370;CHAVILLE;92022;3283
878416254;03/10/2019;86.90D;26;2021-11-17T04:09:10;9;RUE;DOMINIQUE VINCENT;69410;CHAMPAGNE AU MONT D'OR;69040;1922
905226593;16/11/2021;62.01Z;10;2021-11-17T04:20:27;2;AV;ANATOLE FRANCE;92110;CLICHY;92024;4972
905226452;15/11/2021;85.59B;19;2021-11-17T04:20:12;17;ALL;POMPADOUR;78250;MEULAN-EN-YVELINES;78401;3591
905259750;15/11/2021;46.69C;16;2021-11-19T04:01:40;95;BD;CARNOT;6400;CANNES;6029;1704
842771255;01/10/2018;71.11Z;36;2021-11-06T13:44:52;1370;RTE;DE CHARNAY;69480;MORANCE;69140;125
905143095;15/11/2021;59.11A;16;2021-11-16T07:45:58;20;;GRANDE RUE;91520;EGLY;91207;443
878692847;04/11/2019;72.20Z;22;2021-11-18T03:43:56;27;RUE;TOLSTOI;94800;VILLEJUIF;94076;4413
537412181;20/10/2011;58.14Z;27;2021-11-18T08:40:42;35;RUE;FREGERE;34800;CLERMONT L'HERAULT;34079;3097
883209256;01/03/1999;90.03B;22;2021-11-19T08:39:39;7;RUE;ISOLA;6500;MENTON;6083;5178
904833357;15/11/2021;70.22Z;18;2021-11-03T16:36:09;161;ALL;DU GERP;6390;CHATEAUNEUF-VILLEVIEILLE;6039;354
484532619;02/11/2005;46.19B;42;2021-11-10T07:44:26;;;;87140;LE BUIS;87023;175
904531498;15/11/2021;45.11Z;15;2021-10-26T11:48:08;69;AV;DU GENERAL DE GAULLE;77340;PONTAULT-COMBAULT;77373;1727
905294161;15/11/2021;66.19A;13;2021-11-19T04:15:33;222;AV;DAUMESNIL;75012;PARIS 12;75112;4954
905291746;15/11/2021;70.22Z;14;2021-11-18T10:18:24;43;AV;ERNEST REYER;75014;PARIS 14;75114;357
905150439;15/11/2021;43.21A;16;2021-11-16T11:08:47;5;CHE;DES BARQUES;69120;VAULX-EN-VELIN;69256;3582
905219739;15/11/2021;01.49Z;18;2021-11-17T04:02:11;60;RUE;DU 8 MAI 1945;2510;HANNAPES;2366;3491
905363396;16/11/2021;66.30Z;11;2021-11-20T03:59:49;120;;RTE DES CALABRES;44117;SAINT-ANDRE-DES-EAUX;44151;2684
803990555;14/07/2014;86.90E;10;2021-11-06T13:07:47;65;AV;DES GUARDIANS;34160;CASTRIES;34058;785
905173365;15/11/2021;70.21Z;16;2021-11-16T08:36:35;7;AV;DE PARIS;42300;ROANNE;42187;2992
905120663;15/11/2021;53.20Z;18;2021-11-16T08:37:14;29;RUE;PIETRA SCRITTA;6500;MENTON;6083;4709
905311601;15/11/2021;64.20Z;17;2021-11-19T08:57:13;;;LE VIGNOT ;3360;BRAIZE;3037;2016
905190690;15/11/2021;53.20Z;16;2021-11-17T10:25:06;128;RUE;DE SOUBISE;59100;ROUBAIX;59512;3182
851513739;03/06/2019;74.90B;17;2021-11-20T04:04:20;;LD;LA ROZIERE;15290;SAINT-SAURY;15214;3453
803569342;01/08/2014;47.91B;30;2021-11-18T04:18:01;;;LE VILLAGE;7150;ORGNAC L'AVEN;7168;5052
905250817;15/11/2021;10.11Z;12;2021-11-18T09:05:15;26;AV;LEON BLUM;93190;LIVRY-GARGAN;93046;4807
905344792;15/11/2021;47.59A;15;2021-11-19T10:52:57;101;RUE;DE SEVRES;75006;PARIS 6;75106;785
905346003;15/11/2021;85.59A;15;2021-11-19T11:12:41;5;ESP;COMPANS CAFFARELLI;31000;TOULOUSE;31555;2565
905103594;15/11/2021;70.22Z;16;2021-11-17T03:57:42;403;CHE;DE GRISOLE;13530;TRETS;13110;1402
905159802;15/11/2021;81.21Z;16;2021-11-17T04:19:14;;;LA FLOURETTE;32300;IDRAC-RESPAILLES;32156;2583
905043865;15/11/2021;43.33Z;13;2021-11-15T08:18:23;;RUE;VILLEMINOT HUART;51100;REIMS;51454;2418
905175535;15/11/2021;43.32A;12;2021-11-16T08:42:39;1400;RUE;DE LA CASTELLE;34070;MONTPELLIER;34172;5017
905282810;16/11/2021;68.10Z;19;2021-11-21T03:38:02;120;RUE;MASSENA;69006;LYON 6EME;69386;4563
905142261;16/11/2021;74.20Z;15;2021-11-16T08:45:01;3;RUE;DE LA GRAND FONT;24490;LA ROCHE-CHALAIS;24354;3937
904431533;15/11/2021;96.02A;10;2021-11-09T15:09:05;2;RUE;DES CUILLERES;63720;SURAT;63424;4808
905162673;15/11/2021;96.02A;16;2021-11-16T09:52:07;5;RUE;DE LA CROIX ST JACQUES;91620;LA VILLE-DU-BOIS;91665;2131
879385987;31/12/2019;85.51Z;26;2021-11-17T04:14:32;47;CHE;SUAVE;73340;BELLECOMBE-EN-BAUGES;73036;229
905126199;16/11/2021;53.20Z;17;2021-11-19T20:01:03;12;RUE;GIUSEPPE VERDI;69190;SAINT-FONS;69199;532
905115259;15/11/2021;56.21Z;12;2021-11-15T06:19:22;3;RLE;KALAFOUBA;97600;MAMOUDZOU;97611;5036
451436323;03/11/2003;62.02A;39;2021-11-16T14:24:03;23;RUE;TAINE;75012;PARIS 12;75112;1795
877566901;23/09/2019;47.19B;139;2021-11-19T03:59:51;122;RUE;DU BAC;75007;PARIS 7;75107;3154
905238820;15/11/2021;77.39Z;13;2021-11-18T12:24:37;;;ZAC ETANG Z ABRICOT;97200;FORT-DE-FRANCE;97209;4570
841124225;27/06/2018;62.02A;27;2021-11-19T15:29:20;29;;RUE PAU CASALS;66680;CANOHES;66038;224
905323572;16/11/2021;70.22Z;16;2021-11-20T03:48:45;3;RUE;COETLOGON;75006;PARIS 6;75106;2448
500980248;15/11/2021;43.34Z;16;2021-11-19T13:55:13;26;RUE;DU CATEAU;59218;VENDEGIES-AU-BOIS;59607;618
905262978;16/11/2021;95.11Z;18;2021-11-17T16:29:16;1;RUE;JEAN VIGO;6200;NICE;6088;1213
905308235;16/11/2021;66.30Z;19;2021-11-20T04:01:50;178;RUE;DE RIVOLI;75001;PARIS 1;75101;423
904367778;16/11/2021;47.19B;19;2021-10-20T08:36:20;180;GR;GRAND RUE;30190;SAUZET;30313;3649
905055919;15/11/2021;53.20Z;13;2021-11-10T09:59:31;7;BD;DU GENERAL GIRAUD;94100;SAINT-MAUR-DES-FOSSES;94068;2241
839911468;01/06/2018;62.02A;24;2021-11-18T09:22:26;196;AV;ARISTIDE BRIAND;93320;LES PAVILLONS-SOUS-BOIS;93057;4702
905196614;15/11/2021;72.19Z;10;2021-11-16T11:20:17;5;RTE;ROUTE DE L'HOPITAL;6320;CAP D'AIL;6032;452
905249249;16/11/2021;47.91B;12;2021-11-17T10:58:24;9;RUE;DE LA PAIX;73160;COGNIN;73087;2878
905355673;15/11/2021;81.30Z;13;2021-11-20T03:37:42;2;IMP;DU PAVILLON;37120;RICHELIEU;37196;4182
905133690;15/11/2021;85.52Z;16;2021-11-15T10:06:52;26;RUE;BRUYES;13100;AIX-EN-PROVENCE;13001;2674
904964012;15/11/2021;77.39Z;10;2021-11-09T09:31:03;197;RUE;DU GENERAL KOENIG;60280;VENETTE;60665;2265
905288932;15/11/2021;45.11Z;15;2021-11-19T08:38:26;97;PL;DE LA REPUBLIQUE;62110;HENIN-BEAUMONT;62427;1304
905285888;15/11/2021;70.21Z;12;2021-11-18T09:06:45;2;RUE;HENRI BARRAU;95870;BEZONS;95063;1800
905200325;16/11/2021;53.20Z;17;2021-11-17T03:43:25;2;SQ;PIERRE JEAN DE BERANGER;93240;STAINS;93072;5239
533908604;01/08/2011;43.99C;28;2021-11-16T03:48:51;130;CHE;DES BOURRELY;13015;MARSEILLE 15;13215;2992
821872223;12/07/2016;68.20B;28;2021-11-19T04:15:39;16;RUE;LECONTE DE LISLE;75016;PARIS 16;75116;3072
905307054;15/11/2021;68.20B;15;2021-11-19T03:52:14;8;PL;DE LA LIBERATION;56230;QUESTEMBERT;56184;4521
449607886;01/07/2003;55.20Z;32;2021-10-26T14:51:50;26;QUAI;DE L ESTUAIRE;17120;MORTAGNE-SUR-GIRONDE;17248;3667
905362067;15/11/2021;43.91A;19;2021-11-20T03:53:00;703;RUE;DES COURS;73260;GRAND-AIGUEBLANCHE;73003;5297
905087250;15/11/2021;70.22Z;15;2021-11-11T08:45:54;6;RUE;CHARLES FOURIER;91000;EVRY-COURCOURONNES;91228;2162
877887380;09/10/2019;86.90F;39;2021-11-17T08:38:24;7;BD;ROUGIER;13004;MARSEILLE 4;13204;1442
905308185;16/11/2021;14.19Z;16;2021-11-19T08:37:30;;;L'HERMITAGE;61600;SAINT-PATRICE-DU-DESERT;61442;3593
905247680;15/11/2021;90.03A;10;2021-11-17T10:41:29;50;RUE;DE PHALSBOURG;54000;NANCY;54395;614
829208800;18/04/2017;47.11D;39;2021-11-18T09:29:43;63;RUE;DE TIVOLI;33000;BORDEAUX;33063;1159
905352944;16/11/2021;77.39Z;11;2021-11-19T14:22:16;;;ZAC ETANG Z ABRICOT;97200;FORT-DE-FRANCE;97209;2939
905327763;16/11/2021;00.00Z;17;2021-11-19T08:32:11;5215;;LA BRETTE;26790;LA BAUME-DE-TRANSIT;26033;3886
905232393;15/11/2021;62.01Z;17;2021-11-17T08:34:47;84;CHE;DES PINS;30730;SAINT-MAMERT-DU-GARD;30281;4463
830355236;01/07/2017;73.20Z;27;2021-11-17T08:35:19;7;ALL;LEON BLUM;52100;SAINT-DIZIER;52448;3965
905302998;15/11/2021;64.30Z;18;2021-11-20T03:47:12;7;RUE;SADI CARNOT;97110;POINTE--PITRE;97120;3152
904549045;15/11/2021;56.10C;14;2021-10-26T03:35:40;12;IMP;FRANZ LISZT;13110;PORT-DE-BOUC;13077;4393
905278719;16/11/2021;85.59B;18;2021-11-18T08:05:48;22;RUE;AUGUSTE SAMSON;27120;AIGLEVILLE;27004;5008
821515772;05/07/2016;47.21Z;233;2021-11-19T04:12:52;;AV;ALBERT RAIMOND;42270;SAINT-PRIEST-EN-JAREZ;42275;5040
905341483;16/11/2021;00.00Z;14;2021-11-19T10:05:52;11;CRS;VALMY;92800;PUTEAUX;92062;240
788490720;25/09/2012;81.21Z;26;2021-11-17T19:33:07;137;CHS;PIERRE CURIE;59200;TOURCOING;59599;1590
905225793;15/11/2021;74.10Z;17;2021-11-17T04:18:15;24;RUE;CHARLES QUINT;59100;ROUBAIX;59512;4600
342840451;01/10/1987;70.22Z;21;2021-11-18T12:00:32;44;CHE;DE LA VIERGE NOIRE;83120;SAINTE-MAXIME;83115;2105
905231874;15/11/2021;00.00Z;17;2021-11-17T08:33:29;100;BD;PIERRE ET MARIE CURIE;31200;TOULOUSE;31555;4614
903833424;15/11/2021;01.43Z;18;2021-10-06T03:41:27;118;RTE;D ARCACHON;33610;CESTAS;33122;4197
905172482;15/11/2021;68.31Z;10;2021-11-16T08:33:29;3;RUE;DES PEYRETS;82700;MONTECH;82125;3685
905032272;15/11/2021;47.89Z;15;2021-11-11T08:49:17;229;RUE;SAINT HONORE;75001;PARIS 1;75101;2481
905255642;15/11/2021;53.20Z;19;2021-11-19T04:01:27;2;RUE;RUBENS;75013;PARIS 13;75113;3705
905345021;15/11/2021;68.31Z;18;2021-11-19T10:56:26;54;RUE;NOTRE DAME DE LORETTE;75009;PARIS 9;75109;2512
845046887;03/01/2019;74.10Z;20;2021-11-18T08:36:31;8;IMP;DE L'AUBEPINE;85800;LE FENOUILLER;85088;102
904890019;15/11/2021;68.31Z;14;2021-11-05T03:41:08;11;RUE;DU GARDENIA;97200;FORT-DE-FRANCE;97209;700
905274437;16/11/2021;53.20Z;11;2021-11-19T04:14:44;50;RUE;DE LA PLAINE;86000;POITIERS;86194;1359
